system,firmware,fpga-version,value,1v0,tableName,SYSTEM_FIRMWARE,method,GET,1,access,user,socketFilter,0,filter,NONE,,,,,,,,,,,,,,,,,,,,,
,,processor-version,value,1v1,tableName,SYSTEM_FIRMWARE,method,GET,2,access,user,socketFilter,0,filter,NONE,,,,,,,,,,,,,,,,,,,,,
,,processor-field-upgrade,value,Dsp-image-name,tableName,SYSTEM_FIRMWARE,method,POST,3,access,admin,socketFilter,0,filter,NONE,,,,,,,,,,,,,,,,,,,,,
,,fpga-field-upgrade,value,Fpga-image-name,tableName,SYSTEM_FIRMWARE,method,POST,4,access,admin,socketFilter,0,filter,NONE,,,,,,,,,,,,,,,,,,,,,
,,fpga-upgrade-status,value,0,tableName,SYSTEM_FIRMWARE,method,GET,5,access,user,socketFilter,0,filter,NONE,,,,,,,,,,,,,,,,,,,,,
,,processor-upgrade-status,value,0,tableName,SYSTEM_FIRMWARE,method,GET,6,access,user,socketFilter,0,filter,NONE,,,,,,,,,,,,,,,,,,,,,
,,switch,value,1,tableName,SYSTEM_FIRMWARE,method,POST,7,access,user,socketFilter,0,filter,NONE,,,,,,,,,,,,,,,,,,,,,
,,serial-no,value,AAA1BBB2CCC3DDD4,tableName,SYSTEM_FIRMWARE,method,GET,8,POST,9,access,admin,socketFilter,0,filter,TYPE,NONE,TYPE,Digits16,AlphaNum,END,,,,,,,,,,,,,,
,network,ip-settings,value,SYSTEM_NETWORK_IP-SETTINGS,tableName,SYSTEM_NETWORK_IP-SETTINGS,method,GET,10,POST,11,access,user,socketFilter,0,array,ip-addr,subnet-mask,gateway,END,getArray,12,14,16,END,postArray,13,15,17,END,,,,,,
,,,ip-addr,value,192.168.0.1,tableName,SYSTEM_NETWORK_IP-SETTINGS,method,GET,12,POST,13,access,user,socketFilter,0,filter,TYPE,NONE,TYPE,IPAddress,END,,,,,,,,,,,,,,
,,,subnet-mask,value,255.255.255.0,tableName,SYSTEM_NETWORK_IP-SETTINGS,method,GET,14,POST,15,access,user,socketFilter,0,filter,TYPE,NONE,TYPE,IPAddress,END,,,,,,,,,,,,,,
,,,gateway,value,0.0.0.0,tableName,SYSTEM_NETWORK_IP-SETTINGS,method,GET,16,POST,17,access,user,socketFilter,0,filter,TYPE,NONE,TYPE,IPAddress,END,,,,,,,,,,,,,,
,,tos,value,7,tableName,SYSTEM_NETWORK,method,GET,18,POST,19,access,user,socketFilter,0,filter,MIN,MAX,NONE,MIN,0,MAX,7,,,,,,,,,,,,,
,,mtu-size,value,1500,tableName,SYSTEM_NETWORK,method,GET,20,POST,21,access,user,socketFilter,0,filter,MIN,MAX,NONE,MIN,64,MAX,1500,,,,,,,,,,,,,
,,mode,value,1,tableName,SYSTEM_NETWORK,method,GET,22,POST,23,access,user,socketFilter,0,filter,LIST,NONE,LIST,1,2,3,4,END,,,,,,,,,,,,
,,notify-ip-addr,value,192.168.0.77,tableName,SYSTEM_NETWORK,method,GET,0,POST,0,access,user,socketFilter,1,filter,TYPE,NONE,TYPE,IPAddress,END,action,NOTIFY_IP,,,,,,,,,,,,,
,,notify-port,value,9999,tableName,SYSTEM_NETWORK,method,GET,0,POST,0,access,user,socketFilter,1,filter,NONE,action,NOTIFY_PORT,,,,,,,,,,,,,,,,,
,,image-server-ip-addr,value,192.168.0.99,tableName,SYSTEM_NETWORK,method,GET,24,POST,25,access,user,socketFilter,0,filter,TYPE,NONE,TYPE,IPAddress,END,,,,,,,,,,,,,,,
,,eth-interfaces,value,1,tableName,SYSTEM_NETWORK,method,GET,26,access,user,socketFilter,0,filter,NONE,,,,,,,,,,,,,,,,,,,,,
,diagnostics,hw-status,value,1,tableName,SYSTEM_DIAGNOSTICS,method,GET,28,access,user,socketFilter,0,filter,NONE,,,,,,,,,,,,,,,,,,,,,
,,temperature,value,25,tableName,SYSTEM_DIAGNOSTICS,method,GET,29,access,user,socketFilter,0,filter,NONE,,,,,,,,,,,,,,,,,,,,,
,,device-log,value,SUCCESS,tableName,SYSTEM_DIAGNOSTICS,method,GET,30,access,user,socketFilter,0,filter,NONE,,,,,,,,,,,,,,,,,,,,,
,,device-log-level,value,7,tableName,SYSTEM_DIAGNOSTICS,method,GET,31,POST,32,access,user,socketFilter,0,filter,MIN,MAX,NONE,MIN,0,MAX,7,,,,,,,,,,,,,
,,device-log-facility,value,1,tableName,SYSTEM_DIAGNOSTICS,method,GET,33,POST,34,access,user,socketFilter,0,filter,MIN,MAX,NONE,MIN,0,MAX,3,,,,,,,,,,,,,
,,dev-log-ip-addr,value,192.168.0.88,tableName,SYSTEM_DIAGNOSTICS,method,GET,35,POST,36,access,user,socketFilter,0,filter,TYPE,NONE,TYPE,IPAddress,END,,,,,,,,,,,,,,,
,splash-scrn,enable,value,0,tableName,SYSTEM_SPLASH-SCRN,method,GET,37,POST,38,access,user,socketFilter,0,filter,MIN,MAX,NONE,MIN,0,MAX,1,,,,,,,,,,,,,
,,upload,value,image.jpg,tableName,SYSTEM_SPLASH-SCRN,method,POST,39,access,user,socketFilter,0,filter,NONE,,,,,,,,,,,,,,,,,,,,,
,,get-name,value,image.jpg,tableName,SYSTEM_SPLASH-SCRN,method,GET,40,access,user,socketFilter,0,filter,NONE,,,,,,,,,,,,,,,,,,,,,
,reset,soft-reset,value,1,tableName,SYSTEM_RESET,method,POST,41,access,user,socketFilter,0,filter,LIST,NONE,LIST,1,END,,,,,,,,,,,,,,,,,
,,configuration-reset,value,1,tableName,SYSTEM_RESET,method,POST,42,access,user,socketFilter,0,filter,LIST,NONE,LIST,1,END,,,,,,,,,,,,,,,,,
,,factory-reset,value,1,tableName,SYSTEM_RESET,method,POST,43,access,user,socketFilter,0,filter,LIST,NONE,LIST,1,END,,,,,,,,,,,,,,,,,
,reboot,value,1,tableName,SYSTEM,method,POST,44,access,user,socketFilter,0,filter,LIST,NONE,LIST,1,END,,,,,,,,,,,,,,,,,,
,authentication,admin,value,admin,tableName,SYSTEM_AUTHENTICATION,method,GET,0,POST,0,access,admin,socketFilter,1,filter,NONE,action,ADMIN_NAME,,,,,,,,,,,,,,,,,
,,admin-pwd,value,Admin1234,tableName,SYSTEM_AUTHENTICATION,method,POST,0,access,admin,socketFilter,1,filter,NONE,action,ADMIN_PWD,,,,,,,,,,,,,,,,,,,
,,user,value,user,tableName,SYSTEM_AUTHENTICATION,method,GET,0,POST,0,access,user,socketFilter,1,filter,NONE,action,USER_NAME,,,,,,,,,,,,,,,,,
,,user-pwd,value,User1234,tableName,SYSTEM_AUTHENTICATION,method,POST,0,access,user,socketFilter,1,filter,NONE,action,USER_PWD,,,,,,,,,,,,,,,,,,,
,identification,id,value,DECODER001,tableName,SYSTEM_IDENTIFICATION,method,GET,45,access,user,socketFilter,0,filter,NONE,,,,,,,,,,,,,,,,,,,,,
,video-mode,enable-3d,value,0,tableName,SYSTEM_VIDEO-MODE,method,GET,46,POST,47,access,user,socketFilter,0,filter,MIN,MAX,NONE,MIN,0,MAX,1,,,,,,,,,,,,,
,config-file,upload,value,config.csv,tableName,SYSTEM_CONFIG-FILE,method,POST,48,access,admin,socketFilter,0,filter,NONE,,,,,,,,,,,,,,,,,,,,,
,,download,value,SUCCESS,tableName,SYSTEM_CONFIG-FILE,method,POST,49,access,user,socketFilter,0,filter,NONE,,,,,,,,,,,,,,,,,,,,,
,,delete,value,config.csv,tableName,SYSTEM_CONFIG-FILE,method,POST,50,access,admin,socketFilter,0,filter,NONE,,,,,,,,,,,,,,,,,,,,,
,,update,value,1,tableName,SYSTEM_CONFIG-FILE,method,POST,51,access,admin,socketFilter,0,filter,NONE,,,,,,,,,,,,,,,,,,,,,
,misc,board-type,value,11,tableName,SYSTEM_MISC,method,GET,52,access,user,socketFilter,0,filter,LIST,NONE,LIST,0,1,10,11,END,,,,,,,,,,,,,,
,,led-on-time,value,50,tableName,SYSTEM_MISC,method,GET,53,POST,54,access,user,socketFilter,0,filter,MIN,MAX,NONE,MIN,0,MAX,1,,,,,,,,,,,,,
,,led-off-time,value,50,tableName,SYSTEM_MISC,method,GET,55,POST,56,access,user,socketFilter,0,filter,MIN,MAX,NONE,MIN,0,MAX,1,,,,,,,,,,,,,
,,http-mode,value,1,tableName,SYSTEM_MISC,method,GET,0,POST,0,access,user,socketFilter,1,filter,MIN,MAX,NONE,MIN,0,MAX,1,action,HTTP_SWITCH,verificationAction,1,,,,,,,,,
,,enable-encryption,value,0,tableName,SYSTEM_MISC,method,GET,0,POST,0,access,user,socketFilter,1,filter,MIN,MAX,NONE,MIN,0,MAX,1,action,ENCRYPT_DECRYPT,verificationAction,1,,,,,,,,,
,mdns,add-key,value,SYSTEM_MDNS,tableName,SYSTEM_MDNS_ADD-KEY,method,POST,0,access,user,socketFilter,1,array,key,data-value,END,action,ADD_RECORD,,,,,,,,,,,,,,,,,
,,,key,value,id,tableName,SYSTEM_MDNS_ADD-KEY,method,POST,0,access,user,socketFilter,1,filter,NONE,action,ADD_RECORD,,,,,,,,,,,,,,,,,,
,,,data-value,value,DECODER002,tableName,SYSTEM_MDNS_ADD-KEY,method,POST,0,access,user,socketFilter,1,filter,NONE,action,ADD_RECORD,,,,,,,,,,,,,,,,,,
,,delete-key,value,id,tableName,SYSTEM_MDNS,method,POST,0,access,user,socketFilter,1,filter,NONE,action,DELETE_RECORD,,,,,,,,,,,,,,,,,,,
,,read-keys,value,id,tableName,SYSTEM_MDNS,method,GET,0,access,user,socketFilter,1,filter,NONE,action,READ_RECORD,,,,,,,,,,,,,,,,,,,
,,edit-key,value,SYSTEM_MDNS,tableName,SYSTEM_MDNS_EDIT-KEY,method,POST,0,access,user,socketFilter,1,array,key,data-value,END,action,EDIT_RECORD,,,,,,,,,,,,,,,,,
,,,key,value,id,tableName,SYSTEM_MDNS_EDIT-KEY,method,POST,0,access,user,socketFilter,1,filter,NONE,action,EDIT_RECORD,,,,,,,,,,,,,,,,,,
,,,data-value,value,DECODER001,tableName,SYSTEM_MDNS_EDIT-KEY,method,POST,0,access,user,socketFilter,1,filter,NONE,action,EDIT_RECORD,,,,,,,,,,,,,,,,,,
video,input,streams,value,2,tableName,VIDEO_INPUT,method,GET,101,access,user,socketFilter,0,filter,NONE,,,,,,,,,,,,,,,,,,,,,
,,resolution,value,1080p,tableName,VIDEO_INPUT,method,GET,102,access,user,socketFilter,0,filter,NONE,,,,,,,,,,,,,,,,,,,,,
,,frame-rate,value,30,tableName,VIDEO_INPUT,method,GET,103,access,user,socketFilter,0,filter,NONE,,,,,,,,,,,,,,,,,,,,,
,,valid-input,value,1,tableName,VIDEO_INPUT,method,GET,104,access,user,socketFilter,0,filter,NONE,,,,,,,,,,,,,,,,,,,,,
,,cable-presence,value,0,tableName,VIDEO_INPUT,method,GET,105,access,user,socketFilter,0,filter,NONE,,,,,,,,,,,,,,,,,,,,,
,,buffer-type,value,1,tableName,VIDEO_INPUT,method,GET,106,POST,107,access,user,socketFilter,0,filter,MIN,MAX,NONE,MIN,0,MAX,1,,,,,,,,,,,,,
,,buffer-delay,value,500,tableName,VIDEO_INPUT,method,GET,108,POST,109,access,user,socketFilter,0,filter,MIN,MAX,NONE,MIN,0,MAX,500,,,,,,,,,,,,,
,,hqll-mult-ip-addr,value,VIDEO_INPUT,tableName,VIDEO_INPUT_HQLL-MULTI-IP-ADDR,method,GET,110,POST,111,access,user,socketFilter,0,array,ip-addr,port,END ,getArray,112,114,END,postArray,113,115,END,,,,,,,,,
,,,ip-addr,value,232.0.5.1,tableName,VIDEO_INPUT_HQLL-MULTI-IP-ADDR,method,GET,112,POST,113,access,user,socketFilter,0,filter,TYPE,NONE,TYPE,IPAddress,END,,,,,,,,,,,,,,
,,,port,value,12100,tableName,VIDEO_INPUT_HQLL-MULTI-IP-ADDR,method,GET,114,POST,115,access,user,socketFilter,0,filter,NONE,,,,,,,,,,,,,,,,,,
,,es-mult-ip-addr,value,VIDEO_INPUT,tableName,VIDEO_INPUT_ES-MULTI-IP-ADDR,method,GET,116,POST,117,access,user,socketFilter,0,array,ip-addr,port,END ,getArray,118,120,END,postArray,119,121,END,,,,,,,,,
,,,ip-addr,value,232.0.5.1,tableName,VIDEO_INPUT_ES-MULTI-IP-ADDR,method,GET,118,POST,119,access,user,socketFilter,0,filter,TYPE,NONE,TYPE,IPAddress,END,,,,,,,,,,,,,,
,,,port,value,12200,tableName,VIDEO_INPUT_ES-MULTI-IP-ADDR,method,GET,120,POST,121,access,user,socketFilter,0,filter,NONE,,,,,,,,,,,,,,,,,,
,,mute,value,0,tableName,VIDEO_INPUT,method,GET,122,POST,123,access,user,socketFilter,0,filter,MIN,MAX,NONE,MIN,0,MAX,1,,,,,,,,,,,,,
,output,videos,value,1,tableName,VIDEO_OUTPUT,method,GET,124,access,user,socketFilter,0,filter,NONE,,,,,,,,,,,,,,,,,,,,,
,,resolution,value,720p,tableName,VIDEO_OUTPUT,method,GET,125,access,user,socketFilter,0,filter,NONE,,,,,,,,,,,,,,,,,,,,,
,,frame-rate,value,30,tableName,VIDEO_OUTPUT,method,GET,126,access,user,socketFilter,0,filter,NONE,,,,,,,,,,,,,,,,,,,,,
,,edid,value,77AABBCCDDEEFF,tableName,VIDEO_OUTPUT,method,GET,127,access,user,socketFilter,0,filter,NONE,,,,,,,,,,,,,,,,,,,,,
comp-layout,feature-enable,value,1,tableName,COMP-LAYOUT,method,GET,151,POST,152,access,admin,socketFilter,0,filter,MIN,MAX,NONE,MIN,0,MAX,1,,,,,,,,,,,,,,
,available-layout,value,1,tableName,COMP-LAYOUT,method,GET,153,access,user,socketFilter,0,filter,MIN,MAX,NONE,MIN,1,MAX,2,,,,,,,,,,,,,,,,
,enable-pip,value,0,tableName,COMP-LAYOUT,method,GET,154,POST,155,access,user,socketFilter,0,filter,MIN,MAX,NONE,MIN,0,MAX,1,,,,,,,,,,,,,,
,pip-loc,value,COMP-LAYOUT_PIP-LOC,tableName,COMP-LAYOUT_PIP-LOC,method,GET,156,POST,157,access,user,array,x-location,y-location,END,getArray,158,160,END,postArray,159,161,END,,,,,,,,,,,,
,,x-location,value,100,tableName,COMP-LAYOUT_PIP-LOC,method,GET,158,POST,159,access,user,socketFilter,0,filter,MIN,MAX,NONE,MIN,0,MAX,1,,,,,,,,,,,,,
,,y-location,value,100,tableName,COMP-LAYOUT_PIP-LOC,method,GET,160,POST,161,access,user,socketFilter,0,filter,MIN,MAX,NONE,MIN,0,MAX,1,,,,,,,,,,,,,
,enable-pap,value,0,tableName,COMP-LAYOUT,method,GET,162,POST,163,access,user,socketFilter,0,filter,MIN,MAX,NONE,MIN,0,MAX,1,,,,,,,,,,,,,,
,swap-pap,value,0,tableName,COMP-LAYOUT,method,POST,164,access,user,socketFilter,0,filter,LIST,NONE,LIST,1,END,MIN,0,MAX,1,,,,,,,,,,,,,,
overlay,feature-enable,value,1,tableName,OVERLAY,method,GET,201,POST,202,access,admin,socketFilter,0,filter,MIN,MAX,NONE,MIN,0,MAX,1,,,,,,,,,,,,,,
,max-images,value,5,tableName,OVERLAY,method,GET,203,POST,204,access,user,socketFilter,0,filter,MIN,MAX,NONE,MIN,1,MAX,5,,,,,,,,,,,,,,
,enable,value,1,tableName,OVERLAY,method,GET,205,POST,206,access,user,socketFilter,0,filter,MIN,MAX,NONE,MIN,0,MAX,1,,,,,,,,,,,,,,
,upload-image,value,OVERLAY_UPLOAD-IMAGE,tableName,OVERLAY_UPLOAD-IMAGE,method,POST,207,access,user,socketFilter,0,array,file_name,id,height,width,END,postArray,208,209,210,211,END,,,,,,,,,,,,
,,file-name,value,overlay.jpg,tableName,OVERLAY_UPLOAD-IMAGE,method,POST,208,access,user,socketFilter,0,filter,NONE,,,,,,,,,,,,,,,,,,,,,
,,id,value,overlay001,tableName,OVERLAY_UPLOAD-IMAGE,method,POST,209,access,user,socketFilter,0,filter,MIN,MAX,NONE,MIN,0,MAX,7,,,,,,,,,,,,,,,
,,height,value,100,tableName,OVERLAY_UPLOAD-IMAGE,method,POST,210,access,user,socketFilter,0,filter,MIN,MAX,NONE,MIN,1,MAX,1079,,,,,,,,,,,,,,,
,,width,value,100,tableName,OVERLAY_UPLOAD-IMAGE,method,POST,211,access,user,socketFilter,0,filter,MIN,MAX,NONE,MIN,1,MAX,1919,,,,,,,,,,,,,,,
,upload-mute-image,value,OVERLAY_UPLOAD-MUTE-IMAGE,tableName,OVERLAY_UPLOAD-MUTE-IMAGE,method,POST,212,access,user,socketFilter,0,array,file_name,height,width,END,postArray,213,214,215,END,,,,,,,,,,,,,,
,,file-name,value,mute.jpg,tableName,OVERLAY_UPLOAD-MUTE-IMAGE,method,POST,213,access,user,socketFilter,0,filter,NONE,,,,,,,,,,,,,,,,,,,,,
,,height,value,100,tableName,OVERLAY_UPLOAD-MUTE-IMAGE,method,POST,214,access,user,socketFilter,0,filter,MIN,MAX,NONE,MIN,1,MAX,1079,,,,,,,,,,,,,,,
,,width,value,100,tableName,OVERLAY_UPLOAD-MUTE-IMAGE,method,POST,215,access,user,socketFilter,0,filter,MIN,MAX,NONE,MIN,1,MAX,1919,,,,,,,,,,,,,,,
,del-image,value,OVERLAY_DEL-IMAGE,tableName,OVERLAY_DEL-IMAGE,method,POST,216,access,user,socketFilter,0,array,id,END,postArray,217,END,,,,,,,,,,,,,,,,,,
,,id,value,0,tableName,OVERLAY_DEL-IMAGE,method,POST,217,access,user,socketFilter,0,filter,MIN,MAX,NONE,MIN,0,MAX,7,,,,,,,,,,,,,,,
,0,image-params,value,OVERLAY_0,tableName,OVERLAY_0,method,GET,218,POST,219,access,user,socketFilter,0,array,x-location,y-location,enable,END,getArray,222,224,226,228,230,END,postArray,223,225,227,END,,,,
,,,x-location,value,100,tableName,OVERLAY_0,method,GET,222,POST,223,access,user,socketFilter,0,filter,MIN,MAX,NONE,MIN,0,MAX,1919,,,,,,,,,,,,
,,,y-location,value,100,tableName,OVERLAY_0,method,GET,224,POST,225,access,user,socketFilter,0,filter,MIN,MAX,NONE,MIN,0,MAX,1079,,,,,,,,,,,,
,,,enable,value,0,tableName,OVERLAY_0,method,GET,226,POST,227,access,user,socketFilter,0,filter,MIN,MAX,NONE,MIN,0,MAX,1,,,,,,,,,,,,
,,,height,value,200,tableName,OVERLAY_0,method,GET,228,access,user,socketFilter,0,filter,MIN,MAX,NONE,MIN,0,MAX,1079,,,,,,,,,,,,,,
,,,width,value,200,tableName,OVERLAY_0,method,GET,230,access,user,socketFilter,0,filter,MIN,MAX,NONE,MIN,0,MAX,1919,,,,,,,,,,,,,,
,1,image-params,value,1,tableName,OVERLAY_1,method,GET,232,POST,233,access,user,socketFilter,0,array,x-location,y-location,enable,END,getArray,236,238,240,242,244,END,postArray,237,239,241,END,,,,
,,,x-location,value,100,tableName,OVERLAY_1,method,GET,236,POST,237,access,user,socketFilter,0,filter,MIN,MAX,NONE,MIN,0,MAX,1919,,,,,,,,,,,,
,,,y-location,value,100,tableName,OVERLAY_1,method,GET,238,POST,239,access,user,socketFilter,0,filter,MIN,MAX,NONE,MIN,0,MAX,1079,,,,,,,,,,,,
,,,enable,value,1,tableName,OVERLAY_1,method,GET,240,POST,241,access,user,socketFilter,0,filter,MIN,MAX,NONE,MIN,0,MAX,1,,,,,,,,,,,,
,,,height,value,200,tableName,OVERLAY_1,method,GET,242,access,user,socketFilter,0,filter,MIN,MAX,NONE,MIN,0,MAX,1079,,,,,,,,,,,,,,
,,,width,value,200,tableName,OVERLAY_1,method,GET,244,access,user,socketFilter,0,filter,MIN,MAX,NONE,MIN,0,MAX,1919,,,,,,,,,,,,,,
,2,image-params,value,2,tableName,OVERLAY_2,method,GET,246,POST,247,access,user,socketFilter,0,array,x-location,y-location,enable,END,getArray,250,252,254,256,258,END,postArray,251,253,255,END,,,,
,,,x-location,value,100,tableName,OVERLAY_2,method,GET,250,POST,251,access,user,socketFilter,0,filter,MIN,MAX,NONE,MIN,0,MAX,1919,,,,,,,,,,,,
,,,y-location,value,100,tableName,OVERLAY_2,method,GET,252,POST,253,access,user,socketFilter,0,filter,MIN,MAX,NONE,MIN,0,MAX,1079,,,,,,,,,,,,
,,,enable,value,1,tableName,OVERLAY_2,method,GET,254,POST,255,access,user,socketFilter,0,filter,MIN,MAX,NONE,MIN,0,MAX,1,,,,,,,,,,,,
,,,height,value,200,tableName,OVERLAY_2,method,GET,256,access,user,socketFilter,0,filter,MIN,MAX,NONE,MIN,0,MAX,1079,,,,,,,,,,,,,,
,,,width,value,200,tableName,OVERLAY_2,method,GET,258,access,user,socketFilter,0,filter,MIN,MAX,NONE,MIN,0,MAX,1919,,,,,,,,,,,,,,
,3,image-params,value,3,tableName,OVERLAY_3,method,GET,260,POST,261,access,user,socketFilter,0,array,x-location,y-location,enable,END,getArray,264,266,268,270,272,END,postArray,265,267,269,END,,,,
,,,x-location,value,100,tableName,OVERLAY_3,method,GET,264,POST,265,access,user,socketFilter,0,filter,MIN,MAX,NONE,MIN,0,MAX,1919,,,,,,,,,,,,
,,,y-location,value,100,tableName,OVERLAY_3,method,GET,266,POST,267,access,user,socketFilter,0,filter,MIN,MAX,NONE,MIN,0,MAX,1079,,,,,,,,,,,,
,,,enable,value,1,tableName,OVERLAY_3,method,GET,268,POST,269,access,user,socketFilter,0,filter,MIN,MAX,NONE,MIN,0,MAX,1,,,,,,,,,,,,
,,,height,value,200,tableName,OVERLAY_3,method,GET,270,access,user,socketFilter,0,filter,MIN,MAX,NONE,MIN,0,MAX,1079,,,,,,,,,,,,,,
,,,width,value,200,tableName,OVERLAY_3,method,GET,272,access,user,socketFilter,0,filter,MIN,MAX,NONE,MIN,0,MAX,1919,,,,,,,,,,,,,,
,4,image-params,value,4,tableName,OVERLAY_4,method,GET,274,POST,275,access,user,socketFilter,0,array,x-location,y-location,enable,END,getArray,278,280,282,END,postArray,279,281,283,END,,,,,,
,,,x-location,value,100,tableName,OVERLAY_4,method,GET,278,POST,279,access,user,socketFilter,0,filter,MIN,MAX,NONE,MIN,0,MAX,1919,,,,,,,,,,,,
,,,y-location,value,100,tableName,OVERLAY_4,method,GET,280,POST,281,access,user,socketFilter,0,filter,MIN,MAX,NONE,MIN,0,MAX,1079,,,,,,,,,,,,
,,,enable,value,1,tableName,OVERLAY_4,method,GET,282,POST,283,access,user,socketFilter,0,filter,MIN,MAX,NONE,MIN,0,MAX,1,,,,,,,,,,,,
,,,height,value,200,tableName,OVERLAY_4,method,GET,284,access,user,socketFilter,0,filter,MIN,MAX,NONE,MIN,0,MAX,1079,,,,,,,,,,,,,,
,,,width,value,200,tableName,OVERLAY_4,method,GET,286,access,user,socketFilter,0,filter,MIN,MAX,NONE,MIN,0,MAX,1919,,,,,,,,,,,,,,
,5,image-params,value,5,tableName,OVERLAY_5,method,GET,288,POST,289,access,user,socketFilter,0,array,x-location,y-location,enable,END,getArray,292,294,296,END,postArray,293,295,297,END,,,,,,
,,,x-location,value,100,tableName,OVERLAY_5,method,GET,292,POST,293,access,user,socketFilter,0,filter,MIN,MAX,NONE,MIN,0,MAX,1919,,,,,,,,,,,,
,,,y-location,value,100,tableName,OVERLAY_5,method,GET,294,POST,295,access,user,socketFilter,0,filter,MIN,MAX,NONE,MIN,0,MAX,1079,,,,,,,,,,,,
,,,enable,value,1,tableName,OVERLAY_5,method,GET,296,POST,297,access,user,socketFilter,0,filter,MIN,MAX,NONE,MIN,0,MAX,1,,,,,,,,,,,,
,,,height,value,200,tableName,OVERLAY_5,method,GET,298,access,user,socketFilter,0,filter,MIN,MAX,NONE,MIN,0,MAX,1079,,,,,,,,,,,,,,
,,,width,value,200,tableName,OVERLAY_5,method,GET,300,access,user,socketFilter,0,filter,MIN,MAX,NONE,MIN,0,MAX,1919,,,,,,,,,,,,,,
,6,image-params,value,6,tableName,OVERLAY_6,method,GET,302,POST,303,access,user,socketFilter,0,array,x-location,y-location,enable,END,getArray,306,308,310,END,postArray,307,309,311,END,,,,,,
,,,x-location,value,100,tableName,OVERLAY_6,method,GET,306,POST,307,access,user,socketFilter,0,filter,MIN,MAX,NONE,MIN,0,MAX,1919,,,,,,,,,,,,
,,,y-location,value,100,tableName,OVERLAY_6,method,GET,308,POST,309,access,user,socketFilter,0,filter,MIN,MAX,NONE,MIN,0,MAX,1079,,,,,,,,,,,,
,,,enable,value,1,tableName,OVERLAY_6,method,GET,310,POST,311,access,user,socketFilter,0,filter,MIN,MAX,NONE,MIN,0,MAX,1,,,,,,,,,,,,
,,,height,value,200,tableName,OVERLAY_6,method,GET,312,access,user,socketFilter,0,filter,MIN,MAX,NONE,MIN,0,MAX,1079,,,,,,,,,,,,,,
,,,width,value,200,tableName,OVERLAY_6,method,GET,314,access,user,socketFilter,0,filter,MIN,MAX,NONE,MIN,0,MAX,1919,,,,,,,,,,,,,,
,7,image-params,value,7,tableName,OVERLAY_7,method,GET,316,POST,317,access,user,socketFilter,0,array,x-location,y-location,enable,END,getArray,320,322,324,326,328,END,postArray,321,323,325,END,,,,
,,,x-location,value,100,tableName,OVERLAY_7,method,GET,320,POST,321,access,user,socketFilter,0,filter,MIN,MAX,NONE,MIN,0,MAX,1919,,,,,,,,,,,,
,,,y-location,value,100,tableName,OVERLAY_7,method,GET,322,POST,323,access,user,socketFilter,0,filter,MIN,MAX,NONE,MIN,0,MAX,1079,,,,,,,,,,,,
,,,enable,value,1,tableName,OVERLAY_7,method,GET,324,POST,325,access,user,socketFilter,0,filter,MIN,MAX,NONE,MIN,0,MAX,1,,,,,,,,,,,,
,,,height,value,200,tableName,OVERLAY_7,method,GET,326,access,user,socketFilter,0,filter,MIN,MAX,NONE,MIN,0,MAX,1079,,,,,,,,,,,,,,
,,,width,value,200,tableName,OVERLAY_7,method,GET,328,access,user,socketFilter,0,filter,MIN,MAX,NONE,MIN,0,MAX,1919,,,,,,,,,,,,,,
audio,input,valid-input,value,1,tableName,AUDIO_INPUT,method,GET,351,access,user,socketFilter,0,filter,MIN,MAX,NONE,MIN,0,MAX,1,,,,,,,,,,,,,,,
,,enable-rx,value,1,tableName,AUDIO_INPUT,method,GET,352,POST,353,access,user,socketFilter,0,filter,MIN,MAX,NONE,MIN,0,MAX,1,,,,,,,,,,,,,
,,fine-gain,value,2,tableName,AUDIO_INPUT,method,GET,354,POST,355,access,user,socketFilter,0,filter,MIN,MAX,NONE,MIN,0,MAX,1,,,,,,,,,,,,,
,,coarse-gain,value,25,tableName,AUDIO_INPUT,method,GET,356,POST,357,access,user,socketFilter,0,filter,MIN,MAX,NONE,MIN,0,MAX,25,,,,,,,,,,,,,
,,mute,value,0,tableName,AUDIO_INPUT,method,GET,358,POST,359,access,user,socketFilter,0,filter,MIN,MAX,NONE,MIN,0,MAX,1,,,,,,,,,,,,,
,,loop-back,value,0,tableName,AUDIO_INPUT,method,GET,360,POST,361,access,user,socketFilter,0,filter,MIN,MAX,NONE,MIN,0,MAX,1,,,,,,,,,,,,,
,,rx-mult-ip-addr,value,AUDIO_INPUT,tableName,AUDIO_INPUT_RX-MULT-IP-ADDR,method,GET,362,POST,363,access,user,socketFilter,0,array,ip-addr,port,END ,getArray,364,366,END,postArray,365,367,END,,,,,,,,,
,,,ip-addr,value,232.0.5.1,tableName,AUDIO_INPUT_RX-MULT-IP-ADDR,method,GET,364,POST,365,access,user,socketFilter,0,filter,TYPE,NONE,TYPE,IPAddress,END,,,,,,,,,,,,,,
,,,port,value,13100,tableName,AUDIO_INPUT_RX-MULT-IP-ADDR,method,GET,366,POST,367,access,user,socketFilter,0,filter,NONE,,,,,,,,,,,,,,,,,,
,output,enable-tx,value,1,tableName,AUDIO_OUTPUT,method,GET,368,POST,369,access,user,socketFilter,0,filter,MIN,MAX,NONE,MIN,0,MAX,1,,,,,,,,,,,,,
,,tx-mult-ip-addr,value,AUDIO_OUTPUT,tableName,AUDIO_OUTPUT_TX-MULT-IP-ADDR,method,GET,370,POST,371,access,user,socketFilter,0,array,ip-addr,port,END ,getArray,368,370,END,postArray,369,371,END,,,,,,,,,
,,,ip-addr,value,232.0.5.1,tableName,AUDIO_OUTPUT_TX-MULT-IP-ADDR,method,GET,372,POST,373,access,user,socketFilter,0,filter,TYPE,NONE,TYPE,IPAddress,END,,,,,,,,,,,,,,
,,,port,value,13200,tableName,AUDIO_OUTPUT_TX-MULT-IP-ADDR,method,GET,374,POST,375,access,user,socketFilter,0,filter,NONE,,,,,,,,,,,,,,,,,,
,,fine-gain,value,2,tableName,AUDIO_OUTPUT,method,GET,376,POST,377,access,user,socketFilter,0,filter,MIN,MAX,NONE,MIN,0,MAX,1,,,,,,,,,,,,,
,,coarse-gain,value,25,tableName,AUDIO_OUTPUT,method,GET,378,POST,379,access,user,socketFilter,0,filter,MIN,MAX,NONE,MIN,0,MAX,1,,,,,,,,,,,,,
,,mute,value,0,tableName,AUDIO_OUTPUT,method,GET,380,POST,381,access,user,socketFilter,0,filter,MIN,MAX,NONE,MIN,0,MAX,1,,,,,,,,,,,,,
,,fade,value,0,tableName,AUDIO_OUTPUT,method,GET,382,POST,383,access,user,socketFilter,0,filter,MIN,MAX,NONE,MIN,0,MAX,1,,,,,,,,,,,,,
kvm,feature-enable,value,1,tableName,KVM,method,GET,401,POST,402,access,admin,socketFilter,0,filter,MIN,MAX,NONE,MIN,0,MAX,1,,,,,,,,,,,,,,
,usb-link-status,value,1,tableName,KVM,method,GET,403,access,user,socketFilter,0,filter,NONE,,,,,,,,,,,,,,,,,,,,,,
,enable,value,1,tableName,KVM,method,GET,405,POST,406,access,user,socketFilter,0,filter,NONE,,,,,,,,,,,,,,,,,,,,
,encoder,value,ENCODER-001,tableName,KVM,method,GET,407,POST,408,access,user,socketFilter,0,filter,NONE,,,,,,,,,,,,,,,,,,,,
,default-encoder,value,ENCODER-001,tableName,KVM,method,GET,409,POST,410,access,user,socketFilter,0,filter,NONE,,,,,,,,,,,,,,,,,,,,
,key-code,value,256,tableName,KVM,method,GET,411,POST,412,access,user,socketFilter,0,filter,NONE,,,,,,,,,,,,,,,,,,,,
rs232,feature-enable,value,1,tableName,RS232,method,GET,451,POST,452,access,admin,socketFilter,0,filter,NONE,,,,,,,,,,,,,,,,,,,,
,get-devices,value,database_name,tableName,RS232,method,GET,453,access,user,socketFilter,0,filter,NONE,,,,,,,,,,,,,,,,,,,,,,
,open-connection,value,TTY0,tableName,RS232,method,POST,456,access,user,socketFilter,0,filter,NONE,,,,,,,,,,,,,,,,,,,,,,
,close-connection,value,TTY1,tableName,RS232,method,POST,458,access,user,socketFilter,0,filter,NONE,,,,,,,,,,,,,,,,,,,,,,
,flush,value,TTY2,tableName,RS232,method,POST,460,access,user,socketFilter,0,filter,NONE,,,,,,,,,,,,,,,,,,,,,,
,0,params,value,RS232_0,tableName,RS232_0_PARAMS,method,GET,461,POST,462,access,user,socketFilter,0,array,baud-rate,data-bits,parity,stop-bit,flow-control,END,getArray,463,465,467,469,471,END,postArray,464,466,468,470,472,END
,,,baud-rate,value,115200,tableName,RS232_0_PARAMS,method,GET,463,POST,464,access,user,socketFilter,0,filter,NONE,,,,,,,,,,,,,,,,,,
,,,data-bits,value,8,tableName,RS232_0_PARAMS,method,GET,465,POST,466,access,user,socketFilter,0,filter,NONE,,,,,,,,,,,,,,,,,,
,,,parity,value,even,tableName,RS232_0_PARAMS,method,GET,467,POST,468,access,user,socketFilter,0,filter,NONE,,,,,,,,,,,,,,,,,,
,,,stop-bit,value,1080p,tableName,RS232_0_PARAMS,method,GET,469,POST,470,access,user,socketFilter,0,filter,NONE,,,,,,,,,,,,,,,,,,
,,,flow-control,value,Hardware,tableName,RS232_0_PARAMS,method,GET,471,POST,472,access,user,socketFilter,0,filter,NONE,,,,,,,,,,,,,,,,,,
,,send,value,TTY0,tableName,RS232_0,method,POST,480,access,user,socketFilter,0,filter,NONE,,,,,,,,,,,,,,,,,,,,,
,,data-in-notification,value,databaseName,tableName,RS232_0,method,GET,501,POST,502,access,user,socketFilter,0,filter,NONE,,,,,,,,,,,,,,,,,,,
,,read-existing,value,databaseName,tableName,RS232_0,method,GET,503,access,user,socketFilter,0,filter,NONE,,,,,,,,,,,,,,,,,,,,,
,,read-line,value,databaseName,tableName,RS232_0,method,GET,504,access,user,socketFilter,0,filter,NONE,,,,,,,,,,,,,,,,,,,,,
,1,params,value,RS232_1,tableName,RS232_1_PARAMS,method,GET,481,POST,482,access,user,socketFilter,0,array,baud-rate,data-bits,parity,stop-bit,flow-control,END,getArray,463,465,467,469,471,END,postArray,464,466,468,470,472,END
,,,baud-rate,value,115200,tableName,RS232_1_PARAMS,method,GET,483,POST,484,access,user,socketFilter,0,filter,NONE,,,,,,,,,,,,,,,,,,
,,,data-bits,value,8,tableName,RS232_1_PARAMS,method,GET,485,POST,486,access,user,socketFilter,0,filter,NONE,,,,,,,,,,,,,,,,,,
,,,parity,value,even,tableName,RS232_1_PARAMS,method,GET,487,POST,488,access,user,socketFilter,0,filter,NONE,,,,,,,,,,,,,,,,,,
,,,stop-bit,value,1080p,tableName,RS232_1_PARAMS,method,GET,489,POST,490,access,user,socketFilter,0,filter,NONE,,,,,,,,,,,,,,,,,,
,,,flow-control,value,Hardware,tableName,RS232_1_PARAMS,method,GET,491,POST,492,access,user,socketFilter,0,filter,NONE,,,,,,,,,,,,,,,,,,
,,send,value,TTY0,tableName,RS232_1,method,POST,500,access,user,socketFilter,0,filter,NONE,,,,,,,,,,,,,,,,,,,,,
,,data-in-notification,value,databaseName,tableName,RS232_1,method,GET,505,POST,506,access,user,socketFilter,0,filter,NONE,,,,,,,,,,,,,,,,,,,
,,read-existing,value,databaseName,tableName,RS232_1,method,GET,507,access,user,socketFilter,0,filter,NONE,,,,,,,,,,,,,,,,,,,,,
,,read-line,value,databaseName,tableName,RS232_1,method,GET,508,access,user,socketFilter,0,filter,NONE,,,,,,,,,,,,,,,,,,,,,
fpga-registers,0,value,0,tableName,FPGA-REGISTERS,method,GET,701,POST,702,access,user,socketFilter,1,filter,NONE,action,FPGA_REGISTER,socketAction,FPGA_REGISTER,,,,,,,,,,,,,,,,
,1,value,1,tableName,FPGA-REGISTERS,method,GET,701,POST,702,access,user,socketFilter,1,filter,NONE,action,FPGA_REGISTER,socketAction,FPGA_REGISTER,,,,,,,,,,,,,,,,
,2,value,2,tableName,FPGA-REGISTERS,method,GET,701,POST,702,access,user,socketFilter,1,filter,NONE,action,FPGA_REGISTER,socketAction,FPGA_REGISTER,,,,,,,,,,,,,,,,
,3,value,3,tableName,FPGA-REGISTERS,method,GET,701,POST,702,access,user,socketFilter,1,filter,NONE,action,FPGA_REGISTER,socketAction,FPGA_REGISTER,,,,,,,,,,,,,,,,
,4,value,4,tableName,FPGA-REGISTERS,method,GET,701,POST,702,access,user,socketFilter,1,filter,NONE,action,FPGA_REGISTER,socketAction,FPGA_REGISTER,,,,,,,,,,,,,,,,
,5,value,5,tableName,FPGA-REGISTERS,method,GET,701,POST,702,access,user,socketFilter,1,filter,NONE,action,FPGA_REGISTER,socketAction,FPGA_REGISTER,,,,,,,,,,,,,,,,
,6,value,6,tableName,FPGA-REGISTERS,method,GET,701,POST,702,access,user,socketFilter,1,filter,NONE,action,FPGA_REGISTER,socketAction,FPGA_REGISTER,,,,,,,,,,,,,,,,
,7,value,7,tableName,FPGA-REGISTERS,method,GET,701,POST,702,access,user,socketFilter,1,filter,NONE,action,FPGA_REGISTER,socketAction,FPGA_REGISTER,,,,,,,,,,,,,,,,
,8,value,8,tableName,FPGA-REGISTERS,method,GET,701,POST,702,access,user,socketFilter,1,filter,NONE,action,FPGA_REGISTER,socketAction,FPGA_REGISTER,,,,,,,,,,,,,,,,
,9,value,9,tableName,FPGA-REGISTERS,method,GET,701,POST,702,access,user,socketFilter,1,filter,NONE,action,FPGA_REGISTER,socketAction,FPGA_REGISTER,,,,,,,,,,,,,,,,
,10,value,10,tableName,FPGA-REGISTERS,method,GET,701,POST,702,access,user,socketFilter,1,filter,NONE,action,FPGA_REGISTER,socketAction,FPGA_REGISTER,,,,,,,,,,,,,,,,
,11,value,11,tableName,FPGA-REGISTERS,method,GET,701,POST,702,access,user,socketFilter,1,filter,NONE,action,FPGA_REGISTER,socketAction,FPGA_REGISTER,,,,,,,,,,,,,,,,
,12,value,12,tableName,FPGA-REGISTERS,method,GET,701,POST,702,access,user,socketFilter,1,filter,NONE,action,FPGA_REGISTER,socketAction,FPGA_REGISTER,,,,,,,,,,,,,,,,
,13,value,13,tableName,FPGA-REGISTERS,method,GET,701,POST,702,access,user,socketFilter,1,filter,NONE,action,FPGA_REGISTER,socketAction,FPGA_REGISTER,,,,,,,,,,,,,,,,
,14,value,14,tableName,FPGA-REGISTERS,method,GET,701,POST,702,access,user,socketFilter,1,filter,NONE,action,FPGA_REGISTER,socketAction,FPGA_REGISTER,,,,,,,,,,,,,,,,
,15,value,15,tableName,FPGA-REGISTERS,method,GET,701,POST,702,access,user,socketFilter,1,filter,NONE,action,FPGA_REGISTER,socketAction,FPGA_REGISTER,,,,,,,,,,,,,,,,
,16,value,16,tableName,FPGA-REGISTERS,method,GET,701,POST,702,access,user,socketFilter,1,filter,NONE,action,FPGA_REGISTER,socketAction,FPGA_REGISTER,,,,,,,,,,,,,,,,
,17,value,17,tableName,FPGA-REGISTERS,method,GET,701,POST,702,access,user,socketFilter,1,filter,NONE,action,FPGA_REGISTER,socketAction,FPGA_REGISTER,,,,,,,,,,,,,,,,
,18,value,18,tableName,FPGA-REGISTERS,method,GET,701,POST,702,access,user,socketFilter,1,filter,NONE,action,FPGA_REGISTER,socketAction,FPGA_REGISTER,,,,,,,,,,,,,,,,
,19,value,19,tableName,FPGA-REGISTERS,method,GET,701,POST,702,access,user,socketFilter,1,filter,NONE,action,FPGA_REGISTER,socketAction,FPGA_REGISTER,,,,,,,,,,,,,,,,
,20,value,20,tableName,FPGA-REGISTERS,method,GET,701,POST,702,access,user,socketFilter,1,filter,NONE,action,FPGA_REGISTER,socketAction,FPGA_REGISTER,,,,,,,,,,,,,,,,
,21,value,21,tableName,FPGA-REGISTERS,method,GET,701,POST,702,access,user,socketFilter,1,filter,NONE,action,FPGA_REGISTER,socketAction,FPGA_REGISTER,,,,,,,,,,,,,,,,
,22,value,22,tableName,FPGA-REGISTERS,method,GET,701,POST,702,access,user,socketFilter,1,filter,NONE,action,FPGA_REGISTER,socketAction,FPGA_REGISTER,,,,,,,,,,,,,,,,
,23,value,23,tableName,FPGA-REGISTERS,method,GET,701,POST,702,access,user,socketFilter,1,filter,NONE,action,FPGA_REGISTER,socketAction,FPGA_REGISTER,,,,,,,,,,,,,,,,
,24,value,24,tableName,FPGA-REGISTERS,method,GET,701,POST,702,access,user,socketFilter,1,filter,NONE,action,FPGA_REGISTER,socketAction,FPGA_REGISTER,,,,,,,,,,,,,,,,
,25,value,25,tableName,FPGA-REGISTERS,method,GET,701,POST,702,access,user,socketFilter,1,filter,NONE,action,FPGA_REGISTER,socketAction,FPGA_REGISTER,,,,,,,,,,,,,,,,
,26,value,26,tableName,FPGA-REGISTERS,method,GET,701,POST,702,access,user,socketFilter,1,filter,NONE,action,FPGA_REGISTER,socketAction,FPGA_REGISTER,,,,,,,,,,,,,,,,
,27,value,27,tableName,FPGA-REGISTERS,method,GET,701,POST,702,access,user,socketFilter,1,filter,NONE,action,FPGA_REGISTER,socketAction,FPGA_REGISTER,,,,,,,,,,,,,,,,
,28,value,28,tableName,FPGA-REGISTERS,method,GET,701,POST,702,access,user,socketFilter,1,filter,NONE,action,FPGA_REGISTER,socketAction,FPGA_REGISTER,,,,,,,,,,,,,,,,
,29,value,29,tableName,FPGA-REGISTERS,method,GET,701,POST,702,access,user,socketFilter,1,filter,NONE,action,FPGA_REGISTER,socketAction,FPGA_REGISTER,,,,,,,,,,,,,,,,
,30,value,30,tableName,FPGA-REGISTERS,method,GET,701,POST,702,access,user,socketFilter,1,filter,NONE,action,FPGA_REGISTER,socketAction,FPGA_REGISTER,,,,,,,,,,,,,,,,
,31,value,31,tableName,FPGA-REGISTERS,method,GET,701,POST,702,access,user,socketFilter,1,filter,NONE,action,FPGA_REGISTER,socketAction,FPGA_REGISTER,,,,,,,,,,,,,,,,
,32,value,32,tableName,FPGA-REGISTERS,method,GET,701,POST,702,access,user,socketFilter,1,filter,NONE,action,FPGA_REGISTER,socketAction,FPGA_REGISTER,,,,,,,,,,,,,,,,
,33,value,33,tableName,FPGA-REGISTERS,method,GET,701,POST,702,access,user,socketFilter,1,filter,NONE,action,FPGA_REGISTER,socketAction,FPGA_REGISTER,,,,,,,,,,,,,,,,
,34,value,34,tableName,FPGA-REGISTERS,method,GET,701,POST,702,access,user,socketFilter,1,filter,NONE,action,FPGA_REGISTER,socketAction,FPGA_REGISTER,,,,,,,,,,,,,,,,
,35,value,35,tableName,FPGA-REGISTERS,method,GET,701,POST,702,access,user,socketFilter,1,filter,NONE,action,FPGA_REGISTER,socketAction,FPGA_REGISTER,,,,,,,,,,,,,,,,
,36,value,36,tableName,FPGA-REGISTERS,method,GET,701,POST,702,access,user,socketFilter,1,filter,NONE,action,FPGA_REGISTER,socketAction,FPGA_REGISTER,,,,,,,,,,,,,,,,
,37,value,37,tableName,FPGA-REGISTERS,method,GET,701,POST,702,access,user,socketFilter,1,filter,NONE,action,FPGA_REGISTER,socketAction,FPGA_REGISTER,,,,,,,,,,,,,,,,
,38,value,38,tableName,FPGA-REGISTERS,method,GET,701,POST,702,access,user,socketFilter,1,filter,NONE,action,FPGA_REGISTER,socketAction,FPGA_REGISTER,,,,,,,,,,,,,,,,
,39,value,39,tableName,FPGA-REGISTERS,method,GET,701,POST,702,access,user,socketFilter,1,filter,NONE,action,FPGA_REGISTER,socketAction,FPGA_REGISTER,,,,,,,,,,,,,,,,
,40,value,40,tableName,FPGA-REGISTERS,method,GET,701,POST,702,access,user,socketFilter,1,filter,NONE,action,FPGA_REGISTER,socketAction,FPGA_REGISTER,,,,,,,,,,,,,,,,
,41,value,41,tableName,FPGA-REGISTERS,method,GET,701,POST,702,access,user,socketFilter,1,filter,NONE,action,FPGA_REGISTER,socketAction,FPGA_REGISTER,,,,,,,,,,,,,,,,
,42,value,42,tableName,FPGA-REGISTERS,method,GET,701,POST,702,access,user,socketFilter,1,filter,NONE,action,FPGA_REGISTER,socketAction,FPGA_REGISTER,,,,,,,,,,,,,,,,
,43,value,43,tableName,FPGA-REGISTERS,method,GET,701,POST,702,access,user,socketFilter,1,filter,NONE,action,FPGA_REGISTER,socketAction,FPGA_REGISTER,,,,,,,,,,,,,,,,
,44,value,44,tableName,FPGA-REGISTERS,method,GET,701,POST,702,access,user,socketFilter,1,filter,NONE,action,FPGA_REGISTER,socketAction,FPGA_REGISTER,,,,,,,,,,,,,,,,
,45,value,45,tableName,FPGA-REGISTERS,method,GET,701,POST,702,access,user,socketFilter,1,filter,NONE,action,FPGA_REGISTER,socketAction,FPGA_REGISTER,,,,,,,,,,,,,,,,
,46,value,46,tableName,FPGA-REGISTERS,method,GET,701,POST,702,access,user,socketFilter,1,filter,NONE,action,FPGA_REGISTER,socketAction,FPGA_REGISTER,,,,,,,,,,,,,,,,
,47,value,47,tableName,FPGA-REGISTERS,method,GET,701,POST,702,access,user,socketFilter,1,filter,NONE,action,FPGA_REGISTER,socketAction,FPGA_REGISTER,,,,,,,,,,,,,,,,
,48,value,48,tableName,FPGA-REGISTERS,method,GET,701,POST,702,access,user,socketFilter,1,filter,NONE,action,FPGA_REGISTER,socketAction,FPGA_REGISTER,,,,,,,,,,,,,,,,
,49,value,49,tableName,FPGA-REGISTERS,method,GET,701,POST,702,access,user,socketFilter,1,filter,NONE,action,FPGA_REGISTER,socketAction,FPGA_REGISTER,,,,,,,,,,,,,,,,
,50,value,50,tableName,FPGA-REGISTERS,method,GET,701,POST,702,access,user,socketFilter,1,filter,NONE,action,FPGA_REGISTER,socketAction,FPGA_REGISTER,,,,,,,,,,,,,,,,
,51,value,51,tableName,FPGA-REGISTERS,method,GET,701,POST,702,access,user,socketFilter,1,filter,NONE,action,FPGA_REGISTER,socketAction,FPGA_REGISTER,,,,,,,,,,,,,,,,
,52,value,52,tableName,FPGA-REGISTERS,method,GET,701,POST,702,access,user,socketFilter,1,filter,NONE,action,FPGA_REGISTER,socketAction,FPGA_REGISTER,,,,,,,,,,,,,,,,
,53,value,53,tableName,FPGA-REGISTERS,method,GET,701,POST,702,access,user,socketFilter,1,filter,NONE,action,FPGA_REGISTER,socketAction,FPGA_REGISTER,,,,,,,,,,,,,,,,
,54,value,54,tableName,FPGA-REGISTERS,method,GET,701,POST,702,access,user,socketFilter,1,filter,NONE,action,FPGA_REGISTER,socketAction,FPGA_REGISTER,,,,,,,,,,,,,,,,
,55,value,55,tableName,FPGA-REGISTERS,method,GET,701,POST,702,access,user,socketFilter,1,filter,NONE,action,FPGA_REGISTER,socketAction,FPGA_REGISTER,,,,,,,,,,,,,,,,
,56,value,56,tableName,FPGA-REGISTERS,method,GET,701,POST,702,access,user,socketFilter,1,filter,NONE,action,FPGA_REGISTER,socketAction,FPGA_REGISTER,,,,,,,,,,,,,,,,
,57,value,57,tableName,FPGA-REGISTERS,method,GET,701,POST,702,access,user,socketFilter,1,filter,NONE,action,FPGA_REGISTER,socketAction,FPGA_REGISTER,,,,,,,,,,,,,,,,
,58,value,58,tableName,FPGA-REGISTERS,method,GET,701,POST,702,access,user,socketFilter,1,filter,NONE,action,FPGA_REGISTER,socketAction,FPGA_REGISTER,,,,,,,,,,,,,,,,
,59,value,59,tableName,FPGA-REGISTERS,method,GET,701,POST,702,access,user,socketFilter,1,filter,NONE,action,FPGA_REGISTER,socketAction,FPGA_REGISTER,,,,,,,,,,,,,,,,
,60,value,60,tableName,FPGA-REGISTERS,method,GET,701,POST,702,access,user,socketFilter,1,filter,NONE,action,FPGA_REGISTER,socketAction,FPGA_REGISTER,,,,,,,,,,,,,,,,
,61,value,61,tableName,FPGA-REGISTERS,method,GET,701,POST,702,access,user,socketFilter,1,filter,NONE,action,FPGA_REGISTER,socketAction,FPGA_REGISTER,,,,,,,,,,,,,,,,
,62,value,62,tableName,FPGA-REGISTERS,method,GET,701,POST,702,access,user,socketFilter,1,filter,NONE,action,FPGA_REGISTER,socketAction,FPGA_REGISTER,,,,,,,,,,,,,,,,
,63,value,63,tableName,FPGA-REGISTERS,method,GET,701,POST,702,access,user,socketFilter,1,filter,NONE,action,FPGA_REGISTER,socketAction,FPGA_REGISTER,,,,,,,,,,,,,,,,
,64,value,64,tableName,FPGA-REGISTERS,method,GET,701,POST,702,access,user,socketFilter,1,filter,NONE,action,FPGA_REGISTER,socketAction,FPGA_REGISTER,,,,,,,,,,,,,,,,
,65,value,65,tableName,FPGA-REGISTERS,method,GET,701,POST,702,access,user,socketFilter,1,filter,NONE,action,FPGA_REGISTER,socketAction,FPGA_REGISTER,,,,,,,,,,,,,,,,
,66,value,66,tableName,FPGA-REGISTERS,method,GET,701,POST,702,access,user,socketFilter,1,filter,NONE,action,FPGA_REGISTER,socketAction,FPGA_REGISTER,,,,,,,,,,,,,,,,
,67,value,67,tableName,FPGA-REGISTERS,method,GET,701,POST,702,access,user,socketFilter,1,filter,NONE,action,FPGA_REGISTER,socketAction,FPGA_REGISTER,,,,,,,,,,,,,,,,
,68,value,68,tableName,FPGA-REGISTERS,method,GET,701,POST,702,access,user,socketFilter,1,filter,NONE,action,FPGA_REGISTER,socketAction,FPGA_REGISTER,,,,,,,,,,,,,,,,
,69,value,69,tableName,FPGA-REGISTERS,method,GET,701,POST,702,access,user,socketFilter,1,filter,NONE,action,FPGA_REGISTER,socketAction,FPGA_REGISTER,,,,,,,,,,,,,,,,
,70,value,70,tableName,FPGA-REGISTERS,method,GET,701,POST,702,access,user,socketFilter,1,filter,NONE,action,FPGA_REGISTER,socketAction,FPGA_REGISTER,,,,,,,,,,,,,,,,
,71,value,71,tableName,FPGA-REGISTERS,method,GET,701,POST,702,access,user,socketFilter,1,filter,NONE,action,FPGA_REGISTER,socketAction,FPGA_REGISTER,,,,,,,,,,,,,,,,
,72,value,72,tableName,FPGA-REGISTERS,method,GET,701,POST,702,access,user,socketFilter,1,filter,NONE,action,FPGA_REGISTER,socketAction,FPGA_REGISTER,,,,,,,,,,,,,,,,
,73,value,73,tableName,FPGA-REGISTERS,method,GET,701,POST,702,access,user,socketFilter,1,filter,NONE,action,FPGA_REGISTER,socketAction,FPGA_REGISTER,,,,,,,,,,,,,,,,
,74,value,74,tableName,FPGA-REGISTERS,method,GET,701,POST,702,access,user,socketFilter,1,filter,NONE,action,FPGA_REGISTER,socketAction,FPGA_REGISTER,,,,,,,,,,,,,,,,
,75,value,75,tableName,FPGA-REGISTERS,method,GET,701,POST,702,access,user,socketFilter,1,filter,NONE,action,FPGA_REGISTER,socketAction,FPGA_REGISTER,,,,,,,,,,,,,,,,
,76,value,76,tableName,FPGA-REGISTERS,method,GET,701,POST,702,access,user,socketFilter,1,filter,NONE,action,FPGA_REGISTER,socketAction,FPGA_REGISTER,,,,,,,,,,,,,,,,
,77,value,77,tableName,FPGA-REGISTERS,method,GET,701,POST,702,access,user,socketFilter,1,filter,NONE,action,FPGA_REGISTER,socketAction,FPGA_REGISTER,,,,,,,,,,,,,,,,
,78,value,78,tableName,FPGA-REGISTERS,method,GET,701,POST,702,access,user,socketFilter,1,filter,NONE,action,FPGA_REGISTER,socketAction,FPGA_REGISTER,,,,,,,,,,,,,,,,
,79,value,79,tableName,FPGA-REGISTERS,method,GET,701,POST,702,access,user,socketFilter,1,filter,NONE,action,FPGA_REGISTER,socketAction,FPGA_REGISTER,,,,,,,,,,,,,,,,
,80,value,80,tableName,FPGA-REGISTERS,method,GET,701,POST,702,access,user,socketFilter,1,filter,NONE,action,FPGA_REGISTER,socketAction,FPGA_REGISTER,,,,,,,,,,,,,,,,
,81,value,81,tableName,FPGA-REGISTERS,method,GET,701,POST,702,access,user,socketFilter,1,filter,NONE,action,FPGA_REGISTER,socketAction,FPGA_REGISTER,,,,,,,,,,,,,,,,
,82,value,82,tableName,FPGA-REGISTERS,method,GET,701,POST,702,access,user,socketFilter,1,filter,NONE,action,FPGA_REGISTER,socketAction,FPGA_REGISTER,,,,,,,,,,,,,,,,
,83,value,83,tableName,FPGA-REGISTERS,method,GET,701,POST,702,access,user,socketFilter,1,filter,NONE,action,FPGA_REGISTER,socketAction,FPGA_REGISTER,,,,,,,,,,,,,,,,
,84,value,84,tableName,FPGA-REGISTERS,method,GET,701,POST,702,access,user,socketFilter,1,filter,NONE,action,FPGA_REGISTER,socketAction,FPGA_REGISTER,,,,,,,,,,,,,,,,
,85,value,85,tableName,FPGA-REGISTERS,method,GET,701,POST,702,access,user,socketFilter,1,filter,NONE,action,FPGA_REGISTER,socketAction,FPGA_REGISTER,,,,,,,,,,,,,,,,
,86,value,86,tableName,FPGA-REGISTERS,method,GET,701,POST,702,access,user,socketFilter,1,filter,NONE,action,FPGA_REGISTER,socketAction,FPGA_REGISTER,,,,,,,,,,,,,,,,
,87,value,87,tableName,FPGA-REGISTERS,method,GET,701,POST,702,access,user,socketFilter,1,filter,NONE,action,FPGA_REGISTER,socketAction,FPGA_REGISTER,,,,,,,,,,,,,,,,
,88,value,88,tableName,FPGA-REGISTERS,method,GET,701,POST,702,access,user,socketFilter,1,filter,NONE,action,FPGA_REGISTER,socketAction,FPGA_REGISTER,,,,,,,,,,,,,,,,
,89,value,89,tableName,FPGA-REGISTERS,method,GET,701,POST,702,access,user,socketFilter,1,filter,NONE,action,FPGA_REGISTER,socketAction,FPGA_REGISTER,,,,,,,,,,,,,,,,
,90,value,90,tableName,FPGA-REGISTERS,method,GET,701,POST,702,access,user,socketFilter,1,filter,NONE,action,FPGA_REGISTER,socketAction,FPGA_REGISTER,,,,,,,,,,,,,,,,
,91,value,91,tableName,FPGA-REGISTERS,method,GET,701,POST,702,access,user,socketFilter,1,filter,NONE,action,FPGA_REGISTER,socketAction,FPGA_REGISTER,,,,,,,,,,,,,,,,
,92,value,92,tableName,FPGA-REGISTERS,method,GET,701,POST,702,access,user,socketFilter,1,filter,NONE,action,FPGA_REGISTER,socketAction,FPGA_REGISTER,,,,,,,,,,,,,,,,
,93,value,93,tableName,FPGA-REGISTERS,method,GET,701,POST,702,access,user,socketFilter,1,filter,NONE,action,FPGA_REGISTER,socketAction,FPGA_REGISTER,,,,,,,,,,,,,,,,
,94,value,94,tableName,FPGA-REGISTERS,method,GET,701,POST,702,access,user,socketFilter,1,filter,NONE,action,FPGA_REGISTER,socketAction,FPGA_REGISTER,,,,,,,,,,,,,,,,
,95,value,95,tableName,FPGA-REGISTERS,method,GET,701,POST,702,access,user,socketFilter,1,filter,NONE,action,FPGA_REGISTER,socketAction,FPGA_REGISTER,,,,,,,,,,,,,,,,
,96,value,96,tableName,FPGA-REGISTERS,method,GET,701,POST,702,access,user,socketFilter,1,filter,NONE,action,FPGA_REGISTER,socketAction,FPGA_REGISTER,,,,,,,,,,,,,,,,
,97,value,97,tableName,FPGA-REGISTERS,method,GET,701,POST,702,access,user,socketFilter,1,filter,NONE,action,FPGA_REGISTER,socketAction,FPGA_REGISTER,,,,,,,,,,,,,,,,
,98,value,98,tableName,FPGA-REGISTERS,method,GET,701,POST,702,access,user,socketFilter,1,filter,NONE,action,FPGA_REGISTER,socketAction,FPGA_REGISTER,,,,,,,,,,,,,,,,
,99,value,99,tableName,FPGA-REGISTERS,method,GET,701,POST,702,access,user,socketFilter,1,filter,NONE,action,FPGA_REGISTER,socketAction,FPGA_REGISTER,,,,,,,,,,,,,,,,
,100,value,100,tableName,FPGA-REGISTERS,method,GET,701,POST,702,access,user,socketFilter,1,filter,NONE,action,FPGA_REGISTER,socketAction,FPGA_REGISTER,,,,,,,,,,,,,,,,
i2c-registers,0,value,0,tableName,I2C-REGISTERS,method,GET,701,POST,702,access,user,socketFilter,1,filter,NONE,action,I2C-REGISTER,socketAction,I2C-REGISTER,,,,,,,,,,,,,,,,
,1,value,1,tableName,I2C-REGISTERS,method,GET,701,POST,702,access,user,socketFilter,1,filter,NONE,action,I2C-REGISTER,socketAction,I2C-REGISTER,,,,,,,,,,,,,,,,
