system,firmware,fpga-version,value,1v0,tableName,SYSTEM_FIRMWARE,method,GET,1,access,GET,user,socketFilter,0,flags,GET,0,filter,NONE,,,,,,,,,,,,,,,,,
,,processor-version,value,1v1,tableName,SYSTEM_FIRMWARE,method,GET,2,access,GET,user,socketFilter,0,flags,GET,0,filter,NONE,,,,,,,,,,,,,,,,,
,,system-firmware,value,1v1,tableName,SYSTEM_FIRMWARE,method,GET,3,access,GET,user,socketFilter,0,flags,GET,0,filter,NONE,,,,,,,,,,,,,,,,,
,,hw-version,value,1v1,tableName,SYSTEM_FIRMWARE,method,GET,4,access,GET,user,socketFilter,0,flags,GET,0,filter,NONE,,,,,,,,,,,,,,,,,
,,processor-field-upgrade,value,SYSTEM_FIRMWARE_PROCESSOR-FIELD-UPGRADE,tableName,SYSTEM_FIRMWARE,method,POST,5,access,POST,admin,socketFilter,0,flags,POST,3,array,file-name,location,END,,,,,,,,,,,,,,,
,,,file-name,value,Dsp-image-name,tableName,SYSTEM_FIRMWARE_PROCESSOR-FIELD-UPGRADE,method,POST,5,access,POST,admin,socketFilter,0,flags,POST,1,filter,NONE,,,,,,,,,,,,,,,,
,,,location,value,Dsp-image-location,tableName,SYSTEM_FIRMWARE_PROCESSOR-FIELD-UPGRADE,method,POST,5,access,POST,admin,socketFilter,0,flags,POST,2,filter,NONE,,,,,,,,,,,,,,,,
,,fpga-field-upgrade,value,SYSTEM_FIRMWARE_FPGA-FIELD-UPGRADE,tableName,SYSTEM_FIRMWARE,method,POST,6,access,POST,admin,socketFilter,0,flags,POST,3,array,file-name,location,END,,,,,,,,,,,,,,,
,,,file-name,value,fpga-image-name,tableName,SYSTEM_FIRMWARE_FPGA-FIELD-UPGRADE,method,POST,6,access,POST,admin,socketFilter,0,flags,POST,1,filter,NONE,,,,,,,,,,,,,,,,
,,,location,value,fpga-image-location,tableName,SYSTEM_FIRMWARE_FPGA-FIELD-UPGRADE,method,POST,6,access,POST,admin,socketFilter,0,flags,POST,2,filter,NONE,,,,,,,,,,,,,,,,
,,fpga-upgrade-status,value,0,tableName,SYSTEM_FIRMWARE,method,GET,7,access,GET,user,socketFilter,0,flags,GET,0,filter,NONE,,,,,,,,,,,,,,,,,
,,processor-upgrade-status,value,0,tableName,SYSTEM_FIRMWARE,method,GET,8,access,GET,user,socketFilter,0,flags,GET,0,filter,NONE,,,,,,,,,,,,,,,,,
,,switch,value,1,tableName,SYSTEM_FIRMWARE,method,POST,9,access,POST,user,socketFilter,0,flags,POST,0,filter,NONE,,,,,,,,,,,,,,,,,
,,serial-no,value,AAA1BBB2CCC3DDD4,tableName,SYSTEM_FIRMWARE,method,GET,10,POST,11,access,GET,user,POST,admin,socketFilter,0,flags,GET,0,POST,0,filter,TYPE,NONE,TYPE,Digits16,AlphaNum,END,,,,,,
,network,ip-settings,value,SYSTEM_NETWORK_IP-SETTINGS,tableName,SYSTEM_NETWORK,method,GET,12,POST,13,access,GET,user,POST,user,socketFilter,0,flags,GET,7,POST,7,array,ip-addr,subnet-mask,gateway,END,,,,,,,,
,,,ip-addr,value,192.168.0.1,tableName,SYSTEM_NETWORK_IP-SETTINGS,method,GET,12,POST,13,access,GET,user,POST,user,socketFilter,0,flags,GET,1,POST,1,filter,TYPE,NONE,TYPE,IPAddress,END,,,,,,
,,,subnet-mask,value,255.255.255.0,tableName,SYSTEM_NETWORK_IP-SETTINGS,method,GET,12,POST,13,access,GET,user,POST,user,socketFilter,0,flags,GET,2,POST,2,filter,TYPE,NONE,TYPE,IPAddress,END,,,,,,
,,,gateway,value,0.0.0.0,tableName,SYSTEM_NETWORK_IP-SETTINGS,method,GET,12,POST,13,access,GET,user,POST,user,socketFilter,0,flags,GET,4,POST,4,filter,TYPE,NONE,TYPE,IPAddress,END,,,,,,
,,tos,value,7,tableName,SYSTEM_NETWORK,method,GET,14,POST,15,access,GET,user,POST,user,socketFilter,0,flags,GET,0,POST,0,filter,MIN,MAX,NONE,MIN,0,MAX,7,,,,,
,,mtu-size,value,1500,tableName,SYSTEM_NETWORK,method,GET,16,POST,17,access,GET,user,POST,user,socketFilter,0,flags,GET,0,POST,0,filter,MIN,MAX,NONE,MIN,64,MAX,1500,,,,,
,,mode,value,1,tableName,SYSTEM_NETWORK,method,GET,18,POST,19,access,GET,user,POST,user,socketFilter,0,flags,GET,0,POST,0,filter,LIST,NONE,LIST,1,2,3,END,,,,,
,,notify-ip-addr,value,192.168.0.77,tableName,SYSTEM_NETWORK,method,GET,20,POST,21,access,GET,user,POST,user,socketFilter,1,flags,GET,0,POST,0,filter,TYPE,NONE,TYPE,IPAddress,END,action,NOTIFY_IP,,,,,
,,notify-port,value,9999,tableName,SYSTEM_NETWORK,method,GET,22,POST,23,access,GET,user,POST,user,socketFilter,1,flags,GET,0,POST,0,filter,NONE,action,NOTIFY_PORT,,,,,,,,,
,,image-server-ip-addr,value,192.168.0.99,tableName,SYSTEM_NETWORK,method,GET,24,POST,25,access,GET,user,POST,user,socketFilter,0,flags,GET,0,POST,0,filter,TYPE,NONE,TYPE,IPAddress,END,,,,,,,
,,eth-interfaces,value,1,tableName,SYSTEM_NETWORK,method,GET,26,access,GET,user,socketFilter,0,flags,GET,0,filter,NONE,,,,,,,,,,,,,,,,,
,diagnostics,hw-status,value,1,tableName,SYSTEM_DIAGNOSTICS,method,GET,27,access,GET,user,socketFilter,0,flags,GET,0,filter,NONE,,,,,,,,,,,,,,,,,
,,temperature-threshold,value,60,tableName,SYSTEM_DIAGNOSTICS,method,GET,84,POST,85,access,GET,user,POST,user,socketFilter,0,flags,GET,0,POST,0,filter,NONE,,,,,,,,,,,
,,temperature,value,25,tableName,SYSTEM_DIAGNOSTICS,method,GET,28,access,GET,user,socketFilter,0,flags,GET,0,filter,NONE,,,,,,,,,,,,,,,,,
,,device-log,value,SUCCESS,tableName,SYSTEM_DIAGNOSTICS,method,GET,29,access,GET,user,socketFilter,0,flags,GET,0,filter,NONE,,,,,,,,,,,,,,,,,
,,device-log-level,value,7,tableName,SYSTEM_DIAGNOSTICS,method,GET,30,POST,31,access,GET,user,POST,user,socketFilter,0,flags,GET,0,POST,0,filter,MIN,MAX,NONE,MIN,0,MAX,7,,,,,
,,device-log-facility,value,1,tableName,SYSTEM_DIAGNOSTICS,method,GET,32,POST,33,access,GET,user,POST,user,socketFilter,0,flags,GET,0,POST,0,filter,MIN,MAX,NONE,MIN,0,MAX,3,,,,,
,,dev-log-ip-addr,value,192.168.0.88,tableName,SYSTEM_DIAGNOSTICS,method,GET,34,POST,35,access,GET,user,POST,user,socketFilter,0,flags,GET,0,POST,0,filter,TYPE,NONE,TYPE,IPAddress,END,,,,,,,
,splash-scrn,enable,value,0,tableName,SYSTEM_SPLASH-SCRN,method,GET,36,POST,37,access,GET,user,POST,user,socketFilter,0,flags,GET,0,POST,0,filter,MIN,MAX,NONE,MIN,0,MAX,1,,,,,
,,upload,value,SYSTEM_SPLASH-SCRN_UPLOAD,tableName,SYSTEM_SPLASH-SCRN,method,POST,38,access,POST,user,socketFilter,0,flags,POST,3,array,file-name,location,END,,,,,,,,,,,,,,,
,,,file-name,value,splash-screen-image-name,tableName,SYSTEM_SPLASH-SCRN_UPLOAD,method,POST,38,access,POST,user,socketFilter,0,flags,POST,1,filter,NONE,,,,,,,,,,,,,,,,
,,,location,value,Splash-screen-image-location,tableName,SYSTEM_SPLASH-SCRN_UPLOAD,method,POST,38,access,POST,user,socketFilter,0,flags,POST,2,filter,NONE,,,,,,,,,,,,,,,,
,,get-name,value,image.jpg,tableName,SYSTEM_SPLASH-SCRN,method,GET,39,access,GET,user,socketFilter,0,flags,GET,0,filter,NONE,,,,,,,,,,,,,,,,,
,reset,soft-reset,value,1,tableName,SYSTEM_RESET,method,POST,40,access,POST,user,socketFilter,0,flags,POST,0,filter,LIST,NONE,LIST,1,END,,,,,,,,,,,,,
,,configuration-reset,value,1,tableName,SYSTEM_RESET,method,POST,41,access,POST,user,socketFilter,0,flags,POST,0,filter,LIST,NONE,LIST,1,END,,,,,,,,,,,,,
,,factory-reset,value,1,tableName,SYSTEM_RESET,method,POST,42,access,POST,user,socketFilter,0,flags,POST,0,filter,LIST,NONE,LIST,1,END,,,,,,,,,,,,,
,reboot,value,1,tableName,SYSTEM,method,POST,43,access,POST,user,socketFilter,0,flags,POST,0,filter,LIST,NONE,LIST,1,END,,,,,,,,,,,,,,
,authentication,user,value,user,tableName,SYSTEM_AUTHENTICATION,method,GET,44,POST,45,access,GET,user,POST,user,socketFilter,1,flags,GET,0,POST,0,filter,NONE,action,USER_NAME,,,,,,,,,
,,user-pwd,value,User1234,tableName,SYSTEM_AUTHENTICATION,method,POST,46,access,POST,user,socketFilter,1,flags,POST,0,filter,NONE,action,USER_PWD,,,,,,,,,,,,,,,
,,admin,value,admin,tableName,SYSTEM_AUTHENTICATION,method,GET,47,POST,48,access,GET,admin,POST,admin,socketFilter,1,flags,GET,0,POST,0,filter,NONE,action,ADMIN_NAME,,,,,,,,,
,,admin-pwd,value,Admin1234,tableName,SYSTEM_AUTHENTICATION,method,POST,49,access,POST,admin,socketFilter,1,flags,POST,0,filter,NONE,action,ADMIN_PWD,,,,,,,,,,,,,,,
,identification,id,value,DECODER001,tableName,SYSTEM_IDENTIFICATION,method,GET,50,POST,86,access,GET,user,POST,admin,socketFilter,0,flags,GET,0,POST,0,filter,NONE,,,,,,,,,,,
,video-mode,enable-3d,value,0,tableName,SYSTEM_VIDEO-MODE,method,GET,51,POST,52,access,GET,user,POST,user,socketFilter,0,flags,GET,0,POST,0,filter,MIN,MAX,NONE,MIN,0,MAX,1,,,,,
,config-file,upload,value,config.csv,tableName,SYSTEM_CONFIG-FILE,method,POST,53,access,POST,admin,socketFilter,0,flags,POST,0,filter,NONE,,,,,,,,,,,,,,,,,
,,download,value,SUCCESS,tableName,SYSTEM_CONFIG-FILE,method,GET,54,access,GET,user,socketFilter,0,flags,GET,0,filter,NONE,,,,,,,,,,,,,,,,,
,,delete,value,config.csv,tableName,SYSTEM_CONFIG-FILE,method,POST,55,access,POST,admin,socketFilter,0,flags,POST,0,filter,NONE,,,,,,,,,,,,,,,,,
,,update,value,1,tableName,SYSTEM_CONFIG-FILE,method,POST,56,access,POST,admin,socketFilter,0,flags,POST,0,filter,NONE,,,,,,,,,,,,,,,,,
,mdns,add-key,value,SYSTEM_MDNS_ADD-KEY,tableName,SYSTEM_MDNS,method,POST,57,access,POST,user,socketFilter,1,flags,POST,0,array,key,data-value,END,action,ADD_RECORD,,,,,,,,,,,,,
,,,key,value,id,tableName,SYSTEM_MDNS_ADD-KEY,method,POST,57,access,POST,user,socketFilter,1,flags,POST,0,filter,NONE,action,ADD_RECORD,,,,,,,,,,,,,,
,,,data-value,value,DECODER002,tableName,SYSTEM_MDNS_ADD-KEY,method,POST,57,access,POST,user,socketFilter,1,flags,POST,0,filter,NONE,action,ADD_RECORD,,,,,,,,,,,,,,
,,delete-key,value,id,tableName,SYSTEM_MDNS,method,POST,58,access,POST,user,socketFilter,1,flags,POST,0,filter,NONE,action,DELETE_RECORD,,,,,,,,,,,,,,,
,,read-key,value,id,tableName,SYSTEM_MDNS,method,GET,59,access,GET,user,socketFilter,1,flags,GET,0,filter,NONE,action,READ_RECORD,,,,,,,,,,,,,,,
,,edit-key,value,SYSTEM_MDNS_EDIT-KEY,tableName,SYSTEM_MDNS,method,POST,60,access,POST,user,socketFilter,1,flags,POST,0,array,key,data-value,END,action,EDIT_RECORD,,,,,,,,,,,,,
,,,key,value,id,tableName,SYSTEM_MDNS_EDIT-KEY,method,POST,60,access,POST,user,socketFilter,1,flags,POST,0,filter,NONE,action,EDIT_RECORD,,,,,,,,,,,,,,
,,,data-value,value,DECODER001,tableName,SYSTEM_MDNS_EDIT-KEY,method,POST,60,access,POST,user,socketFilter,1,flags,POST,0,filter,NONE,action,EDIT_RECORD,,,,,,,,,,,,,,
,misc,board-type,value,11,tableName,SYSTEM_MISC,method,GET,61,access,GET,user,socketFilter,0,flags,GET,0,filter,LIST,NONE,LIST,0,1,10,11,END,,,,,,,,,,
,,led-on-time,value,50,tableName,SYSTEM_MISC,method,GET,62,POST,63,access,GET,user,POST,user,socketFilter,0,flags,GET,0,POST,0,filter,MIN,MAX,NONE,MIN,0,MAX,1,,,,,
,,led-off-time,value,50,tableName,SYSTEM_MISC,method,GET,64,POST,65,access,GET,user,POST,user,socketFilter,0,flags,GET,0,POST,0,filter,MIN,MAX,NONE,MIN,0,MAX,1,,,,,
,,http-mode,value,1,tableName,SYSTEM_MISC,method,GET,66,POST,67,access,GET,user,POST,user,socketFilter,1,flags,GET,0,POST,0,filter,MIN,MAX,NONE,MIN,0,MAX,1,action,HTTP_SWITCH,,,
,,enable-encryption,value,0,tableName,SYSTEM_MISC,method,GET,68,POST,69,access,GET,user,POST,user,socketFilter,1,flags,GET,0,POST,0,filter,MIN,MAX,NONE,MIN,0,MAX,1,action,ENCRYPT_DECRYPT,,,
,,rtc,value,SYSTEM_MISC_RTC,tableName,SYSTEM_MISC,method,GET,70,POST,71,access,GET,admin,POST,admin,socketFilter,0,flags,GET,63,POST,63,array,year,month,day,hour,min,sec,END,,,,,
,,,year,value,2015,tableName,SYSTEM_MISC_RTC,method,GET,70,POST,71,access,GET,admin,POST,admin,socketFilter,0,flags,GET,1,POST,1,filter,MIN,MAX,NONE,MIN,1970,MAX,2050,,,,
,,,month,value,6,tableName,SYSTEM_MISC_RTC,method,GET,70,POST,71,access,GET,admin,POST,admin,socketFilter,0,flags,GET,2,POST,2,filter,MIN,MAX,NONE,MIN,1,MAX,12,,,,
,,,day,value,27,tableName,SYSTEM_MISC_RTC,method,GET,70,POST,71,access,GET,admin,POST,admin,socketFilter,0,flags,GET,4,POST,4,filter,MIN,MAX,NONE,MIN,1,MAX,31,,,,
,,,hour,value,14,tableName,SYSTEM_MISC_RTC,method,GET,70,POST,71,access,GET,admin,POST,admin,socketFilter,0,flags,GET,8,POST,8,filter,MIN,MAX,NONE,MIN,0,MAX,23,,,,
,,,min,value,46,tableName,SYSTEM_MISC_RTC,method,GET,70,POST,71,access,GET,admin,POST,admin,socketFilter,0,flags,GET,16,POST,16,filter,MIN,MAX,NONE,MIN,0,MAX,59,,,,
,,,sec,value,10,tableName,SYSTEM_MISC_RTC,method,GET,70,POST,71,access,GET,admin,POST,admin,socketFilter,0,flags,GET,32,POST,32,filter,MIN,MAX,NONE,MIN,0,MAX,59,,,,
,,ftp-mode,value,2,tableName,SYSTEM_MISC,method,GET,72,POST,73,access,GET,user,POST,user,socketFilter,0,flags,GET,0,POST,0,filter,MIN,MAX,NONE,MIN,1,MAX,2,,,,,
,,acc-debounce-time,value,100,tableName,SYSTEM_MISC,method,GET,74,POST,75,access,GET,user,POST,user,socketFilter,0,flags,GET,0,POST,0,filter,NONE,,,,,,,,,,,
,,acc1-reaction,value,,tableName,SYSTEM_MISC,method,GET,76,POST,77,access,GET,user,POST,user,socketFilter,0,flags,GET,0,POST,0,filter,LIST,NONE,LIST,1,2,3,END,,,,,
,,acc2-reaction,value,,tableName,SYSTEM_MISC,method,GET,78,POST,79,access,GET,user,POST,user,socketFilter,0,flags,GET,0,POST,0,filter,LIST,NONE,LIST,1,2,3,END,,,,,
,,acc1-notify,value,,tableName,SYSTEM_MISC,method,GET,80,POST,81,access,GET,user,POST,user,socketFilter,0,flags,GET,0,POST,0,filter,MIN,MAX,NONE,MIN,0,MAX,1,,,,,
,,acc2-notify,value,,tableName,SYSTEM_MISC,method,GET,82,POST,83,access,GET,user,POST,user,socketFilter,0,flags,GET,0,POST,0,filter,MIN,MAX,NONE,MIN,0,MAX,1,,,,,
video,input,videos,value,2,tableName,VIDEO_INPUT,method,GET,101,access,GET,user,socketFilter,0,flags,GET,0,filter,NONE,,,,,,,,,,,,,,,,,
,,resolution,value,1080p,tableName,VIDEO_INPUT,method,GET,102,access,GET,user,socketFilter,0,flags,GET,0,filter,NONE,,,,,,,,,,,,,,,,,
,,frame-rate,value,30,tableName,VIDEO_INPUT,method,GET,103,access,GET,user,socketFilter,0,flags,GET,0,filter,NONE,,,,,,,,,,,,,,,,,
,,valid-input,value,1,tableName,VIDEO_INPUT,method,GET,104,access,GET,user,socketFilter,0,flags,GET,0,filter,NONE,,,,,,,,,,,,,,,,,
,,cable-presence,value,0,tableName,VIDEO_INPUT,method,GET,105,access,GET,user,socketFilter,0,flags,GET,0,filter,NONE,,,,,,,,,,,,,,,,,
,,analog-video,value,1,tableName,VIDEO_INPUT,method,POST,106,access,POST,user,socketFilter,0,flags,POST,0,filter,MIN,MAX,NONE,MIN,0,MAX,500,MAX,1,,,,,,,,,
,,video-interface,value,500,tableName,VIDEO_INPUT,method,GET,107,access,GET,user,socketFilter,0,flags,GET,0,filter,MIN,MAX,NONE,MIN,0,MAX,500,MAX,1,,,,,,,,,
,,enable-color-bar,value,0,tableName,VIDEO_INPUT,method,GET,108,POST,109,access,GET,user,POST,user,socketFilter,0,flags,GET,0,POST,0,filter,MIN,MAX,NONE,MIN,0,MAX,1,,,,,
,,rx-phy-parameters,value,VIDEO_INPUT_RX-PHY-PARAMETERS,tableName,VIDEO_INPUT,method,GET,110,POST,111,access,GET,user,POST,user,socketFilter,0,flags,GET,2047,POST,2047,array,y-dc-bias,cr-dc-bias,cb-dc-bias,video-gain,chroma-gain,hue,pedestal-enable,y-gain,cr-gain,cb-gain,internal-video-generator-enable,END
,,,y-dc-bias,value,0,tableName,VIDEO_INPUT_RX-PHY-PARAMETERS,method,GET,110,POST,111,access,GET,user,POST,user,socketFilter,0,flags,GET,1,POST,1,filter,MIN,MAX,NONE,MIN,0,MAX,4096,,,,
,,,cr-dc-bias,value,0,tableName,VIDEO_INPUT_RX-PHY-PARAMETERS,method,GET,110,POST,111,access,GET,user,POST,user,socketFilter,0,flags,GET,2,POST,2,filter,MIN,MAX,NONE,MIN,0,MAX,4096,,,,
,,,cb-dc-bias,value,0,tableName,VIDEO_INPUT_RX-PHY-PARAMETERS,method,GET,110,POST,111,access,GET,user,POST,user,socketFilter,0,flags,GET,4,POST,4,filter,MIN,MAX,NONE,MIN,0,MAX,4096,,,,
,,,video-gain,value,0.5,tableName,VIDEO_INPUT_RX-PHY-PARAMETERS,method,GET,110,POST,111,access,GET,user,POST,user,socketFilter,0,flags,GET,8,POST,8,filter,MIN,MAX,NONE,MIN,0.5,MAX,4,,,,
,,,chroma-gain,value,0.5,tableName,VIDEO_INPUT_RX-PHY-PARAMETERS,method,GET,110,POST,111,access,GET,user,POST,user,socketFilter,0,flags,GET,16,POST,16,filter,MIN,MAX,NONE,MIN,0.5,MAX,8,,,,
,,,hue,value,0,tableName,VIDEO_INPUT_RX-PHY-PARAMETERS,method,GET,110,POST,111,access,GET,user,POST,user,socketFilter,0,flags,GET,32,POST,32,filter,MIN,MAX,NONE,MIN,-180,MAX,180,,,,
,,,pedestal-enable,value,1,tableName,VIDEO_INPUT_RX-PHY-PARAMETERS,method,GET,110,POST,111,access,GET,user,POST,user,socketFilter,0,flags,GET,64,POST,64,filter,MIN,MAX,NONE,MIN,1,MAX,0,,,,
,,,y-gain,value,0,tableName,VIDEO_INPUT_RX-PHY-PARAMETERS,method,GET,110,POST,111,access,GET,user,POST,user,socketFilter,0,flags,GET,128,POST,128,filter,MIN,MAX,NONE,MIN,0,MAX,1.99,,,,
,,,cr-gain,value,0,tableName,VIDEO_INPUT_RX-PHY-PARAMETERS,method,GET,110,POST,111,access,GET,user,POST,user,socketFilter,0,flags,GET,256,POST,256,filter,MIN,MAX,NONE,MIN,0,MAX,1.99,,,,
,,,cb-gain,value,0,tableName,VIDEO_INPUT_RX-PHY-PARAMETERS,method,GET,110,POST,111,access,GET,user,POST,user,socketFilter,0,flags,GET,512,POST,512,filter,MIN,MAX,NONE,MIN,0,MAX,1.99,,,,
,,,internal-video-generator-enable,value,0,tableName,VIDEO_INPUT_RX-PHY-PARAMETERS,method,GET,110,POST,111,access,GET,user,POST,user,socketFilter,0,flags,GET,1024,POST,1024,filter,MIN,MAX,NONE,MIN,0,MAX,1,,,,
,output,streams,value,1,tableName,VIDEO_OUTPUT,method,GET,112,access,GET,user,socketFilter,0,flags,GET,0,filter,MIN,MAX,NONE,MIN,0,MAX,3,,,,,,,,,,,
,,frame-rate,value,0,tableName,VIDEO_OUTPUT,method,GET,113,POST,114,access,GET,user,POST,user,socketFilter,0,flags,GET,0,POST,0,filter,MIN,MAX,NONE,MIN,0,MAX,1,,,,,
,,hqll-tx-status,value,1,tableName,VIDEO_OUTPUT,method,GET,115,access,GET,user,socketFilter,0,flags,GET,0,filter,MIN,MAX,NONE,MIN,0,MAX,1,,,,,,,,,,,
,,pes-tx-status,value,1,tableName,VIDEO_OUTPUT,method,GET,116,access,GET,user,socketFilter,0,flags,GET,0,filter,MIN,MAX,NONE,MIN,0,MAX,1,,,,,,,,,,,
,,ses-tx-status,value,1,tableName,VIDEO_OUTPUT,method,GET,117,access,GET,user,socketFilter,0,flags,GET,0,filter,MIN,MAX,NONE,MIN,0,MAX,1,,,,,,,,,,,
,,enable-hqll-tx,value,1,tableName,VIDEO_OUTPUT,method,POST,118,access,POST,user,socketFilter,0,flags,POST,0,filter,MIN,MAX,NONE,MIN,0,MAX,1,,,,,,,,,,,
,,enable-pes-tx,value,1,tableName,VIDEO_OUTPUT,method,POST,119,access,POST,user,socketFilter,0,flags,POST,0,filter,MIN,MAX,NONE,MIN,0,MAX,1,,,,,,,,,,,
,,enable-ses-tx,value,1,tableName,VIDEO_OUTPUT,method,POST,120,access,POST,user,socketFilter,0,flags,POST,0,filter,MIN,MAX,NONE,MIN,0,MAX,1,,,,,,,,,,,
,,pes-resolution,value,720p,tableName,VIDEO_OUTPUT,method,GET,121,POST,122,access,GET,user,POST,user,socketFilter,0,flags,GET,0,POST,0,filter,LIST,NONE,LIST,720p,1080p,END,,,,,,
,,ses-resolution,value,360p,tableName,VIDEO_OUTPUT,method,GET,123,POST,124,access,GET,user,POST,user,socketFilter,0,flags,GET,0,POST,0,filter,LIST,NONE,LIST,360p,END,,,,,,,
,,pes-bit-rate,value,0,tableName,VIDEO_OUTPUT,method,GET,125,POST,126,access,GET,user,POST,user,socketFilter,0,flags,GET,0,POST,0,filter,MIN,MAX,NONE,MIN,0,MAX,3000000,,,,,
,,ses-bit-rate,value,0,tableName,VIDEO_OUTPUT,method,GET,127,POST,128,access,GET,user,POST,user,socketFilter,0,flags,GET,0,POST,0,filter,MIN,MAX,NONE,MIN,0,MAX,256000,,,,,
,,hqll-mult-ip-addr,value,VIDEO_OUTPUT_HQLL-MULT-IP-ADDR,tableName,VIDEO_OUTPUT,method,GET,129,POST,130,access,GET,user,POST,user,socketFilter,0,flags,GET,3,POST,3,array,ip-addr,port,END,,,,,,,,,
,,,ip-addr,value,232.0.5.1,tableName,VIDEO_OUTPUT_HQLL-MULT-IP-ADDR,method,GET,129,POST,130,access,GET,user,POST,user,socketFilter,0,flags,GET,1,POST,1,filter,TYPE,NONE,TYPE,IPAddress,END,,,,,,
,,,port,value,12100,tableName,VIDEO_OUTPUT_HQLL-MULT-IP-ADDR,method,GET,129,POST,130,access,GET,user,POST,user,socketFilter,0,flags,GET,2,POST,2,filter,NONE,,,,,,,,,,
,,pes-mult-ip-addr,value,VIDEO_OUTPUT_PES-MULT-IP-ADDR,tableName,VIDEO_OUTPUT,method,GET,131,POST,132,access,GET,user,POST,user,socketFilter,0,flags,GET,3,POST,3,array,ip-addr,port,END,,,,,,,,,
,,,ip-addr,value,232.0.5.1,tableName,VIDEO_OUTPUT_PES-MULT-IP-ADDR,method,GET,131,POST,132,access,GET,user,POST,user,socketFilter,0,flags,GET,1,POST,1,filter,TYPE,NONE,TYPE,IPAddress,END,,,,,,
,,,port,value,12200,tableName,VIDEO_OUTPUT_PES-MULT-IP-ADDR,method,GET,131,POST,132,access,GET,user,POST,user,socketFilter,0,flags,GET,2,POST,2,filter,NONE,,,,,,,,,,
,,ses-mult-ip-addr,value,VIDEO_OUTPUT_SES-MULT-IP-ADDR,tableName,VIDEO_OUTPUT,method,GET,133,POST,134,access,GET,user,POST,user,socketFilter,0,flags,GET,3,POST,3,array,ip-addr,port,END,,,,,,,,,
,,,ip-addr,value,232.0.5.1,tableName,VIDEO_OUTPUT_SES-MULT-IP-ADDR,method,GET,133,POST,134,access,GET,user,POST,user,socketFilter,0,flags,GET,1,POST,1,filter,TYPE,NONE,TYPE,IPAddress,END,,,,,,
,,,port,value,12200,tableName,VIDEO_OUTPUT_SES-MULT-IP-ADDR,method,GET,133,POST,134,access,GET,user,POST,user,socketFilter,0,flags,GET,2,POST,2,filter,NONE,,,,,,,,,,
,,pes-rtp-mode,value,1,tableName,VIDEO_OUTPUT,method,GET,135,POST,136,access,GET,user,POST,user,socketFilter,0,flags,GET,0,POST,0,filter,MIN,MAX,NONE,MIN,0,MAX,1,,,,,
,,enable-pes-msg-auth,value,1,tableName,VIDEO_OUTPUT,method,GET,137,POST,138,access,GET,user,POST,user,socketFilter,0,flags,GET,0,POST,0,filter,MIN,MAX,NONE,MIN,0,MAX,1,,,,,
,,enable-pes-replay-protection,value,1,tableName,VIDEO_OUTPUT,method,GET,139,POST,140,access,GET,user,POST,user,socketFilter,0,flags,GET,0,POST,0,filter,MIN,MAX,NONE,MIN,0,MAX,1,,,,,
,,ses-rtp-mode,value,1,tableName,VIDEO_OUTPUT,method,GET,141,POST,142,access,GET,user,POST,user,socketFilter,0,flags,GET,0,POST,0,filter,MIN,MAX,NONE,MIN,0,MAX,1,,,,,
,,enable-ses-msg-auth,value,1,tableName,VIDEO_OUTPUT,method,GET,143,POST,144,access,GET,user,POST,user,socketFilter,0,flags,GET,0,POST,0,filter,MIN,MAX,NONE,MIN,0,MAX,1,,,,,
,,enable-ses-replay-protection,value,1,tableName,VIDEO_OUTPUT,method,GET,145,POST,146,access,GET,user,POST,user,socketFilter,0,flags,GET,0,POST,0,filter,MIN,MAX,NONE,MIN,0,MAX,1,,,,,
,,mute,value,1,tableName,VIDEO_OUTPUT,method,GET,147,POST,148,access,GET,user,POST,user,socketFilter,0,flags,GET,0,POST,0,filter,MIN,MAX,NONE,MIN,0,MAX,1,,,,,
still-capture,feature-enable,value,1,tableName,STILL-CAPTURE,method,GET,201,POST,202,access,GET,admin,POST,admin,socketFilter,0,flags,GET,0,POST,0,filter,MIN,MAX,NONE,MIN,1,,,,,,,,
,capture-image,value,1,tableName,STILL-CAPTURE,method,POST,203,access,POST,user,socketFilter,0,flags,POST,0,filter,MIN,MAX,NONE,MIN,1,MAX,2,,,,,,,,,,,,
,enable-pip,value,1,tableName,STILL-CAPTURE,method,GET,204,POST,205,access,GET,user,POST,user,socketFilter,0,flags,GET,0,POST,0,filter,MIN,MAX,NONE,MIN,1,MAX,2,,,,,,
,ip-addr,value,STILL-CAPTURE_IP-ADDR,tableName,STILL-CAPTURE,method,GET,206,POST,207,access,GET,user,POST,user,socketFilter,0,flags,GET,3,POST,3,array,ip-addr,location,END,,,,,,,,,,
,,ip-addr,value,192.168.0.77,tableName,STILL-CAPTURE_IP-ADDR,method,GET,206,POST,207,access,GET,user,POST,user,socketFilter,0,flags,GET,1,POST,1,filter,NONE,,,,,,,,,,,
,,location,value,location,tableName,STILL-CAPTURE_IP-ADDR,method,GET,206,POST,207,access,GET,user,POST,user,socketFilter,0,flags,GET,2,POST,2,filter,NONE,,,,,,,,,,,
,pip-loc,value,STILL-CAPTURE_PIP-LOC,tableName,STILL-CAPTURE,method,GET,208,POST,209,access,GET,user,POST,user,socketFilter,0,flags,GET,3,POST,3,array,x-location,y-location,END,,,,,,,,,,
,,x-location,value,100,tableName,STILL-CAPTURE_PIP-LOC,method,GET,208,POST,209,access,GET,user,POST,user,socketFilter,0,flags,GET,1,POST,1,filter,MIN,MAX,NONE,MIN,0,MAX,1,,,,,
,,y-location,value,100,tableName,STILL-CAPTURE_PIP-LOC,method,GET,208,POST,209,access,GET,user,POST,user,socketFilter,0,flags,GET,2,POST,2,filter,MIN,MAX,NONE,MIN,0,MAX,1,,,,,
,pip-time,value,1,tableName,STILL-CAPTURE,method,GET,210,POST,211,access,GET,user,POST,user,socketFilter,user,socketFilter,0,flags,GET,0,POST,0,filter,MIN,MAX,NONE,MIN,0,MAX,1,,,,
,enable-transfer,value,1,tableName,STILL-CAPTURE,method,GET,212,POST,213,access,GET,admin,POST,admin,socketFilter,0,flags,GET,0,POST,0,filter,MIN,MAX,NONE,MIN,0,MAX,1,,,,,,
,auto-transfer,value,0,tableName,STILL-CAPTURE,method,GET,214,POST,215,access,GET,user,POST,user,socketFilter,0,flags,GET,0,POST,0,filter,MIN,MAX,NONE,MIN,0,MAX,1,,,,,,
,transfer,value,file_name,tableName,STILL-CAPTURE,method,POST,216,access,POST,user,socketFilter,0,flags,POST,0,filter,NONE,,,,,,,,,,,,,,,,,,
overlay,feature-enable,value,1,tableName,OVERLAY,method,GET,301,POST,302,access,GET,admin,POST,admin,socketFilter,0,flags,GET,0,POST,0,filter,MIN,MAX,NONE,MIN,0,MAX,1,,,,,,
,max-images,value,5,tableName,OVERLAY,method,GET,303,POST,304,access,GET,user,POST,admin,socketFilter,0,flags,GET,0,POST,0,filter,MIN,MAX,NONE,MIN,1,MAX,5,,,,,,
,max-upload-images,value,5,tableName,OVERLAY,method,GET,305,POST,306,access,GET,user,POST,admin,socketFilter,0,flags,GET,0,POST,0,filter,MIN,MAX,NONE,MIN,1,MAX,8,,,,,,
,enable,value,1,tableName,OVERLAY,method,GET,307,POST,308,access,GET,user,POST,user,socketFilter,0,flags,GET,0,POST,0,filter,MIN,MAX,NONE,MIN,0,MAX,1,,,,,,
,upload-image,value,OVERLAY_UPLOAD-IMAGE,tableName,OVERLAY,method,POST,309,access,POST,user,socketFilter,0,flags,POST,31,array,file-name,location,id,height,width,END,,,,,,,,,,,,,
,,file-name,value,overlay.jpg,tableName,OVERLAY_UPLOAD-IMAGE,method,POST,309,access,POST,user,socketFilter,0,flags,POST,1,filter,NONE,,,,,,,,,,,,,,,,,
,,location,value,location,tableName,OVERLAY_UPLOAD-IMAGE,method,POST,309,access,POST,user,socketFilter,0,flags,POST,2,filter,NONE,,,,,,,,,,,,,,,,,
,,id,value,overlay001,tableName,OVERLAY_UPLOAD-IMAGE,method,POST,309,access,POST,user,socketFilter,0,flags,POST,4,filter,MIN,MAX,NONE,MIN,1,MAX,8,,,,,,,,,,,
,,height,value,100,tableName,OVERLAY_UPLOAD-IMAGE,method,POST,309,access,POST,user,socketFilter,0,flags,POST,8,filter,MIN,MAX,NONE,MIN,1,MAX,1079,,,,,,,,,,,
,,width,value,100,tableName,OVERLAY_UPLOAD-IMAGE,method,POST,309,access,POST,user,socketFilter,0,flags,POST,16,filter,MIN,MAX,NONE,MIN,1,MAX,1919,,,,,,,,,,,
,upload-mute-image,value,OVERLAY_UPLOAD-MUTE-IMAGE,tableName,OVERLAY,method,POST,310,access,POST,user,socketFilter,0,flags,POST,15,array,file-name,location,height,width,END,,,,,,,,,,,,,,
,,file-name,value,mute.jpg,tableName,OVERLAY_UPLOAD-MUTE-IMAGE,method,POST,310,access,POST,user,socketFilter,0,flags,POST,1,filter,NONE,,,,,,,,,,,,,,,,,
,,location,value,location,tableName,OVERLAY_UPLOAD-MUTE-IMAGE,method,POST,310,access,POST,user,socketFilter,0,flags,POST,2,filter,NONE,,,,,,,,,,,,,,,,,
,,height,value,100,tableName,OVERLAY_UPLOAD-MUTE-IMAGE,method,POST,310,access,POST,user,socketFilter,0,flags,POST,4,filter,MIN,MAX,NONE,MIN,1,MAX,1079,,,,,,,,,,,
,,width,value,100,tableName,OVERLAY_UPLOAD-MUTE-IMAGE,method,POST,310,access,POST,user,socketFilter,0,flags,POST,8,filter,MIN,MAX,NONE,MIN,1,MAX,1919,,,,,,,,,,,
,del-image,value,ID001,tableName,OVERLAY,method,POST,311,access,POST,user,socketFilter,0,flags,POST,0,filter,NONE,,,,,,,,,,,,,,,,,,
,1,image-params,value,OVERLAY_1_IMAGE-PARAMS,tableName,OVERLAY_1,method,GET,312,POST,313,access,GET,user,POST,user,socketFilter,0,flags,GET,127,POST,15,array,transparency,x-location,y-location,enable,END,,,,,,,
,,,transparency,value,0,tableName,OVERLAY_1_IMAGE-PARAMS,method,GET,312,POST,313,access,GET,user,POST,user,socketFilter,0,flags,GET,1,POST,1,filter,MIN,MAX,NONE,MIN,0,MAX,7,,,,
,,,x-location,value,100,tableName,OVERLAY_1_IMAGE-PARAMS,method,GET,312,POST,313,access,GET,user,POST,user,socketFilter,0,flags,GET,2,POST,2,filter,MIN,MAX,NONE,MIN,0,MAX,1919,,,,
,,,y-location,value,100,tableName,OVERLAY_1_IMAGE-PARAMS,method,GET,312,POST,313,access,GET,user,POST,user,socketFilter,0,flags,GET,4,POST,4,filter,MIN,MAX,NONE,MIN,0,MAX,1079,,,,
,,,enable,value,0,tableName,OVERLAY_1_IMAGE-PARAMS,method,GET,312,POST,313,access,GET,user,POST,user,socketFilter,0,flags,GET,8,POST,8,filter,MIN,MAX,NONE,MIN,0,MAX,1,,,,
,,,height,value,200,tableName,OVERLAY_1_IMAGE-PARAMS,method,GET,312,access,GET,user,socketFilter,0,flags,GET,16,filter,MIN,MAX,NONE,MIN,0,MAX,1079,,,,,,,,,,
,,,width,value,200,tableName,OVERLAY_1_IMAGE-PARAMS,method,GET,312,access,GET,user,socketFilter,0,flags,GET,32,filter,MIN,MAX,NONE,MIN,0,MAX,1919,,,,,,,,,,
,,,file-name,value,overaly_image_1.jpg,tableName,OVERLAY_1_IMAGE-PARAMS,method,GET,312,access,GET,user,socketFilter,0,flags,GET,64,filter,NONE,,,,,,,,,,,,,,,,
,2,image-params,value,OVERLAY_2_IMAGE-PARAMS,tableName,OVERLAY_2,method,GET,314,POST,315,access,GET,user,POST,user,socketFilter,0,flags,GET,127,POST,15,array,transparency,x-location,y-location,enable,END,,,,,,,
,,,transparency,value,1,tableName,OVERLAY_2_IMAGE-PARAMS,method,GET,314,POST,315,access,GET,user,POST,user,socketFilter,0,flags,GET,1,POST,1,filter,MIN,MAX,NONE,MIN,0,MAX,7,,,,
,,,x-location,value,100,tableName,OVERLAY_2_IMAGE-PARAMS,method,GET,314,POST,315,access,GET,user,POST,user,socketFilter,0,flags,GET,2,POST,2,filter,MIN,MAX,NONE,MIN,0,MAX,1919,,,,
,,,y-location,value,100,tableName,OVERLAY_2_IMAGE-PARAMS,method,GET,314,POST,315,access,GET,user,POST,user,socketFilter,0,flags,GET,4,POST,4,filter,MIN,MAX,NONE,MIN,0,MAX,1079,,,,
,,,enable,value,1,tableName,OVERLAY_2_IMAGE-PARAMS,method,GET,314,POST,315,access,GET,user,POST,user,socketFilter,0,flags,GET,8,POST,8,filter,MIN,MAX,NONE,MIN,0,MAX,1,,,,
,,,height,value,200,tableName,OVERLAY_2_IMAGE-PARAMS,method,GET,314,access,GET,user,socketFilter,0,flags,GET,16,filter,MIN,MAX,NONE,MIN,0,MAX,1079,,,,,,,,,,
,,,width,value,200,tableName,OVERLAY_2_IMAGE-PARAMS,method,GET,314,access,GET,user,socketFilter,0,flags,GET,32,filter,MIN,MAX,NONE,MIN,0,MAX,1919,,,,,,,,,,
,,,file-name,value,overaly_image_2.jpg,tableName,OVERLAY_2_IMAGE-PARAMS,method,GET,314,access,GET,user,socketFilter,0,flags,GET,64,filter,NONE,,,,,,,,,,,,,,,,
,3,image-params,value,OVERLAY_3_IMAGE-PARAMS,tableName,OVERLAY_3,method,GET,316,POST,317,access,GET,user,POST,user,socketFilter,0,flags,GET,127,POST,15,array,transparency,x-location,y-location,enable,END,,,,,,,
,,,transparency,value,2,tableName,OVERLAY_3_IMAGE-PARAMS,method,GET,316,POST,317,access,GET,user,POST,user,socketFilter,0,flags,GET,1,POST,1,filter,MIN,MAX,NONE,MIN,0,MAX,7,,,,
,,,x-location,value,100,tableName,OVERLAY_3_IMAGE-PARAMS,method,GET,316,POST,317,access,GET,user,POST,user,socketFilter,0,flags,GET,2,POST,2,filter,MIN,MAX,NONE,MIN,0,MAX,1919,,,,
,,,y-location,value,100,tableName,OVERLAY_3_IMAGE-PARAMS,method,GET,316,POST,317,access,GET,user,POST,user,socketFilter,0,flags,GET,4,POST,4,filter,MIN,MAX,NONE,MIN,0,MAX,1079,,,,
,,,enable,value,1,tableName,OVERLAY_3_IMAGE-PARAMS,method,GET,316,POST,317,access,GET,user,POST,user,socketFilter,0,flags,GET,8,POST,8,filter,MIN,MAX,NONE,MIN,0,MAX,1,,,,
,,,height,value,200,tableName,OVERLAY_3_IMAGE-PARAMS,method,GET,316,access,GET,user,socketFilter,0,flags,GET,16,filter,MIN,MAX,NONE,MIN,0,MAX,1079,,,,,,,,,,
,,,width,value,200,tableName,OVERLAY_3_IMAGE-PARAMS,method,GET,316,access,GET,user,socketFilter,0,flags,GET,32,filter,MIN,MAX,NONE,MIN,0,MAX,1919,,,,,,,,,,
,,,file-name,value,overaly_image_3.jpg,tableName,OVERLAY_3_IMAGE-PARAMS,method,GET,316,access,GET,user,socketFilter,0,flags,GET,64,filter,NONE,,,,,,,,,,,,,,,,
,4,image-params,value,OVERLAY_4_IMAGE-PARAMS,tableName,OVERLAY_4,method,GET,318,POST,319,access,GET,user,POST,user,socketFilter,0,flags,GET,127,POST,15,array,transparency,x-location,y-location,enable,END,,,,,,,
,,,transparency,value,3,tableName,OVERLAY_4_IMAGE-PARAMS,method,GET,318,POST,319,access,GET,user,POST,user,socketFilter,0,flags,GET,1,POST,1,filter,MIN,MAX,NONE,MIN,0,MAX,7,,,,
,,,x-location,value,100,tableName,OVERLAY_4_IMAGE-PARAMS,method,GET,318,POST,319,access,GET,user,POST,user,socketFilter,0,flags,GET,2,POST,2,filter,MIN,MAX,NONE,MIN,0,MAX,1919,,,,
,,,y-location,value,100,tableName,OVERLAY_4_IMAGE-PARAMS,method,GET,318,POST,319,access,GET,user,POST,user,socketFilter,0,flags,GET,4,POST,4,filter,MIN,MAX,NONE,MIN,0,MAX,1079,,,,
,,,enable,value,1,tableName,OVERLAY_4_IMAGE-PARAMS,method,GET,318,POST,319,access,GET,user,POST,user,socketFilter,0,flags,GET,8,POST,8,filter,MIN,MAX,NONE,MIN,0,MAX,1,,,,
,,,height,value,200,tableName,OVERLAY_4_IMAGE-PARAMS,method,GET,318,access,GET,user,socketFilter,0,flags,GET,16,filter,MIN,MAX,NONE,MIN,0,MAX,1079,,,,,,,,,,
,,,width,value,200,tableName,OVERLAY_4_IMAGE-PARAMS,method,GET,318,access,GET,user,socketFilter,0,flags,GET,32,filter,MIN,MAX,NONE,MIN,0,MAX,1919,,,,,,,,,,
,,,file-name,value,overaly_image_4.jpg,tableName,OVERLAY_4_IMAGE-PARAMS,method,GET,318,access,GET,user,socketFilter,0,flags,GET,64,filter,NONE,,,,,,,,,,,,,,,,
,5,image-params,value,OVERLAY_5_IMAGE-PARAMS,tableName,OVERLAY_5,method,GET,320,POST,321,access,GET,user,POST,user,socketFilter,0,flags,GET,127,POST,15,array,transparency,x-location,y-location,enable,END,,,,,,,
,,,transparency,value,4,tableName,OVERLAY_5_IMAGE-PARAMS,method,GET,320,POST,321,access,GET,user,POST,user,socketFilter,0,flags,GET,1,POST,1,filter,MIN,MAX,NONE,MIN,0,MAX,7,,,,
,,,x-location,value,100,tableName,OVERLAY_5_IMAGE-PARAMS,method,GET,320,POST,321,access,GET,user,POST,user,socketFilter,0,flags,GET,2,POST,2,filter,MIN,MAX,NONE,MIN,0,MAX,1919,,,,
,,,y-location,value,100,tableName,OVERLAY_5_IMAGE-PARAMS,method,GET,320,POST,321,access,GET,user,POST,user,socketFilter,0,flags,GET,4,POST,4,filter,MIN,MAX,NONE,MIN,0,MAX,1079,,,,
,,,enable,value,1,tableName,OVERLAY_5_IMAGE-PARAMS,method,GET,320,POST,321,access,GET,user,POST,user,socketFilter,0,flags,GET,8,POST,8,filter,MIN,MAX,NONE,MIN,0,MAX,1,,,,
,,,height,value,200,tableName,OVERLAY_5_IMAGE-PARAMS,method,GET,320,access,GET,user,socketFilter,0,flags,GET,16,filter,MIN,MAX,NONE,MIN,0,MAX,1079,,,,,,,,,,
,,,width,value,200,tableName,OVERLAY_5_IMAGE-PARAMS,method,GET,320,access,GET,user,socketFilter,0,flags,GET,32,filter,MIN,MAX,NONE,MIN,0,MAX,1919,,,,,,,,,,
,,,file-name,value,overaly_image_5.jpg,tableName,OVERLAY_5_IMAGE-PARAMS,method,GET,320,access,GET,user,socketFilter,0,flags,GET,64,filter,NONE,,,,,,,,,,,,,,,,
,6,image-params,value,OVERLAY_6_IMAGE-PARAMS,tableName,OVERLAY_6,method,GET,322,POST,323,access,GET,user,POST,user,socketFilter,0,flags,GET,127,POST,15,array,transparency,x-location,y-location,enable,END,,,,,,,
,,,transparency,value,5,tableName,OVERLAY_6_IMAGE-PARAMS,method,GET,322,POST,323,access,GET,user,POST,user,socketFilter,0,flags,GET,1,POST,1,filter,MIN,MAX,NONE,MIN,0,MAX,7,,,,
,,,x-location,value,100,tableName,OVERLAY_6_IMAGE-PARAMS,method,GET,322,POST,323,access,GET,user,POST,user,socketFilter,0,flags,GET,2,POST,2,filter,MIN,MAX,NONE,MIN,0,MAX,1919,,,,
,,,y-location,value,100,tableName,OVERLAY_6_IMAGE-PARAMS,method,GET,322,POST,323,access,GET,user,POST,user,socketFilter,0,flags,GET,4,POST,4,filter,MIN,MAX,NONE,MIN,0,MAX,1079,,,,
,,,enable,value,1,tableName,OVERLAY_6_IMAGE-PARAMS,method,GET,322,POST,323,access,GET,user,POST,user,socketFilter,0,flags,GET,8,POST,8,filter,MIN,MAX,NONE,MIN,0,MAX,1,,,,
,,,height,value,200,tableName,OVERLAY_6_IMAGE-PARAMS,method,GET,322,access,GET,user,socketFilter,0,flags,GET,16,filter,MIN,MAX,NONE,MIN,0,MAX,1079,,,,,,,,,,
,,,width,value,200,tableName,OVERLAY_6_IMAGE-PARAMS,method,GET,322,access,GET,user,socketFilter,0,flags,GET,32,filter,MIN,MAX,NONE,MIN,0,MAX,1919,,,,,,,,,,
,,,file-name,value,overaly_image_6.jpg,tableName,OVERLAY_6_IMAGE-PARAMS,method,GET,322,access,GET,user,socketFilter,0,flags,GET,64,filter,NONE,,,,,,,,,,,,,,,,
,7,image-params,value,OVERLAY_7_IMAGE-PARAMS,tableName,OVERLAY_7,method,GET,324,POST,325,access,GET,user,POST,user,socketFilter,0,flags,GET,127,POST,15,array,transparency,x-location,y-location,enable,END,,,,,,,
,,,transparency,value,6,tableName,OVERLAY_7_IMAGE-PARAMS,method,GET,324,POST,325,access,GET,user,POST,user,socketFilter,0,flags,GET,1,POST,1,filter,MIN,MAX,NONE,MIN,0,MAX,7,,,,
,,,x-location,value,100,tableName,OVERLAY_7_IMAGE-PARAMS,method,GET,324,POST,325,access,GET,user,POST,user,socketFilter,0,flags,GET,2,POST,2,filter,MIN,MAX,NONE,MIN,0,MAX,1919,,,,
,,,y-location,value,100,tableName,OVERLAY_7_IMAGE-PARAMS,method,GET,324,POST,325,access,GET,user,POST,user,socketFilter,0,flags,GET,4,POST,4,filter,MIN,MAX,NONE,MIN,0,MAX,1079,,,,
,,,enable,value,1,tableName,OVERLAY_7_IMAGE-PARAMS,method,GET,324,POST,325,access,GET,user,POST,user,socketFilter,0,flags,GET,8,POST,8,filter,MIN,MAX,NONE,MIN,0,MAX,1,,,,
,,,height,value,200,tableName,OVERLAY_7_IMAGE-PARAMS,method,GET,324,access,GET,user,socketFilter,0,flags,GET,16,filter,MIN,MAX,NONE,MIN,0,MAX,1079,,,,,,,,,,
,,,width,value,200,tableName,OVERLAY_7_IMAGE-PARAMS,method,GET,324,access,GET,user,socketFilter,0,flags,GET,32,filter,MIN,MAX,NONE,MIN,0,MAX,1919,,,,,,,,,,
,,,file-name,value,overaly_image_7.jpg,tableName,OVERLAY_7_IMAGE-PARAMS,method,GET,324,access,GET,user,socketFilter,0,flags,GET,64,filter,NONE,,,,,,,,,,,,,,,,
,8,image-params,value,OVERLAY_8_IMAGE-PARAMS,tableName,OVERLAY_8,method,GET,326,POST,327,access,GET,user,POST,user,socketFilter,0,flags,GET,127,POST,15,array,transparency,x-location,y-location,enable,END,,,,,,,
,,,transparency,value,7,tableName,OVERLAY_8_IMAGE-PARAMS,method,GET,326,POST,327,access,GET,user,POST,user,socketFilter,0,flags,GET,1,POST,1,filter,MIN,MAX,NONE,MIN,0,MAX,7,,,,
,,,x-location,value,100,tableName,OVERLAY_8_IMAGE-PARAMS,method,GET,326,POST,327,access,GET,user,POST,user,socketFilter,0,flags,GET,2,POST,2,filter,MIN,MAX,NONE,MIN,0,MAX,1919,,,,
,,,y-location,value,100,tableName,OVERLAY_8_IMAGE-PARAMS,method,GET,326,POST,327,access,GET,user,POST,user,socketFilter,0,flags,GET,4,POST,4,filter,MIN,MAX,NONE,MIN,0,MAX,1079,,,,
,,,enable,value,1,tableName,OVERLAY_8_IMAGE-PARAMS,method,GET,326,POST,327,access,GET,user,POST,user,socketFilter,0,flags,GET,8,POST,8,filter,MIN,MAX,NONE,MIN,0,MAX,1,,,,
,,,height,value,200,tableName,OVERLAY_8_IMAGE-PARAMS,method,GET,326,access,GET,user,socketFilter,0,flags,GET,16,filter,MIN,MAX,NONE,MIN,0,MAX,1079,,,,,,,,,,
,,,width,value,200,tableName,OVERLAY_8_IMAGE-PARAMS,method,GET,326,access,GET,user,socketFilter,0,flags,GET,32,filter,MIN,MAX,NONE,MIN,0,MAX,1919,,,,,,,,,,
,,,file-name,value,overaly_image_8.jpg,tableName,OVERLAY_8_IMAGE-PARAMS,method,GET,326,access,GET,user,socketFilter,0,flags,GET,64,filter,NONE,,,,,,,,,,,,,,,,
,video-mute-image-params,value,OVERLAY_VIDEO-MUTE-IMAGE-PARAMS,tableName,OVERLAY,method,GET,328,POST,329,access,GET,user,POST,user,socketFilter,0,flags,GET,3,POST,3,array,x-location,y-location,END,,,,,,,,,,
,,x-location,value,100,tableName,OVERLAY_VIDEO-MUTE-IMAGE-PARAMS,method,GET,328,POST,329,access,GET,user,POST,user,socketFilter,0,flags,GET,1,POST,1,filter,MIN,MAX,NONE,MIN,0,MAX,1919,,,,,
,,y-location,value,100,tableName,OVERLAY_VIDEO-MUTE-IMAGE-PARAMS,method,GET,328,POST,329,access,GET,user,POST,user,socketFilter,0,flags,GET,2,POST,2,filter,MIN,MAX,NONE,MIN,0,MAX,1079,,,,,
audio,input,valid-input,value,1,tableName,AUDIO_INPUT,method,GET,401,access,GET,user,socketFilter,0,flags,GET,0,POST,0,filter,MIN,MAX,NONE,MIN,0,MAX,1,,,,,,,,,
,,enable-rx,value,1,tableName,AUDIO_INPUT,method,GET,402,POST,403,access,GET,user,POST,user,socketFilter,0,flags,GET,0,POST,0,filter,MIN,MAX,NONE,MIN,0,MAX,1,,,,,
,,fine-gain,value,2,tableName,AUDIO_INPUT,method,GET,404,POST,405,access,GET,user,POST,user,socketFilter,0,flags,GET,0,POST,0,filter,MIN,MAX,NONE,MIN,0,MAX,1,,,,,
,,coarse-gain,value,25,tableName,AUDIO_INPUT,method,GET,406,POST,407,access,GET,user,POST,user,socketFilter,0,flags,GET,0,POST,0,filter,MIN,MAX,NONE,MIN,0,MAX,25,,,,,
,,mute,value,0,tableName,AUDIO_INPUT,method,GET,408,POST,409,access,GET,user,POST,user,socketFilter,0,flags,GET,0,POST,0,filter,MIN,MAX,NONE,MIN,0,MAX,1,,,,,
,,loop-back,value,0,tableName,AUDIO_INPUT,method,GET,410,POST,411,access,GET,user,POST,user,socketFilter,0,flags,GET,0,POST,0,filter,MIN,MAX,NONE,MIN,0,MAX,1,,,,,
,,rx-mult-ip-addr,value,AUDIO_INPUT_RX-MULT-IP-ADDR,tableName,AUDIO_INPUT,method,GET,412,POST,413,access,GET,user,POST,user,socketFilter,0,flags,GET,3,POST,3,array,ip-addr,port,END,,,,,,,,,
,,,ip-addr,value,232.0.5.1,tableName,AUDIO_INPUT_RX-MULT-IP-ADDR,method,GET,412,POST,413,access,GET,user,POST,user,socketFilter,0,flags,GET,1,POST,1,filter,TYPE,NONE,TYPE,IPAddress,END,,,,,,
,,,port,value,13100,tableName,AUDIO_INPUT_RX-MULT-IP-ADDR,method,GET,412,POST,413,access,GET,user,POST,user,socketFilter,0,flags,GET,2,POST,2,filter,NONE,,,,,,,,,,
,output,enable-tx,value,1,tableName,AUDIO_OUTPUT,method,GET,414,POST,415,access,GET,user,POST,user,socketFilter,0,flags,GET,0,POST,0,filter,MIN,MAX,NONE,MIN,0,MAX,1,,,,,
,,tx-mult-ip-addr,value,AUDIO_OUTPUT_TX-MULT-IP-ADDR,tableName,AUDIO_OUTPUT,method,GET,416,POST,417,access,GET,user,POST,user,socketFilter,0,flags,GET,3,POST,3,array,ip-addr,port,END,,,,,,,,,
,,,ip-addr,value,232.0.5.1,tableName,AUDIO_OUTPUT_TX-MULT-IP-ADDR,method,GET,416,POST,417,access,GET,user,POST,user,socketFilter,0,flags,GET,1,POST,1,filter,TYPE,NONE,TYPE,IPAddress,END,,,,,,
,,,port,value,13200,tableName,AUDIO_OUTPUT_TX-MULT-IP-ADDR,method,GET,416,POST,417,access,GET,user,POST,user,socketFilter,0,flags,GET,2,POST,2,filter,NONE,,,,,,,,,,
,,fine-gain,value,2,tableName,AUDIO_OUTPUT,method,GET,418,POST,419,access,GET,user,POST,user,socketFilter,0,flags,GET,0,POST,0,filter,MIN,MAX,NONE,MIN,0,MAX,1,,,,,
,,coarse-gain,value,25,tableName,AUDIO_OUTPUT,method,GET,420,POST,421,access,GET,user,POST,user,socketFilter,0,flags,GET,0,POST,0,filter,MIN,MAX,NONE,MIN,0,MAX,1,,,,,
,,mute,value,0,tableName,AUDIO_OUTPUT,method,GET,422,POST,423,access,GET,user,POST,user,socketFilter,0,flags,GET,0,POST,0,filter,MIN,MAX,NONE,MIN,0,MAX,1,,,,,
,,fade,value,0,tableName,AUDIO_OUTPUT,method,GET,424,POST,425,access,GET,user,POST,user,socketFilter,0,flags,GET,0,POST,0,filter,MIN,MAX,NONE,MIN,0,MAX,1,,,,,
kvm,feature-enable,value,1,tableName,KVM,method,GET,501,POST,502,access,GET,admin,POST,admin,socketFilter,0,flags,GET,0,POST,0,filter,MIN,MAX,NONE,MIN,0,MAX,1,,,,,,
,usb-link-status,value,1,tableName,KVM,method,GET,503,access,GET,user,socketFilter,0,flags,GET,0,filter,NONE,,,,,,,,,,,,,,,,,,
rs232,feature-enable,value,1,tableName,RS232,method,GET,601,POST,602,access,GET,admin,POST,admin,socketFilter,0,flags,GET,0,POST,0,filter,NONE,,,,,,,,,,,,
,get-devices,value,database_name,tableName,RS232,method,GET,603,access,GET,user,socketFilter,0,flags,GET,0,filter,NONE,,,,,,,,,,,,,,,,,,
,0,open-connection,value,TTY0,tableName,RS232_0,method,POST,604,access,POST,user,socketFilter,0,flags,POST,0,filter,NONE,,,,,,,,,,,,,,,,,
,,close-connection,value,TTY1,tableName,RS232_0,method,POST,605,access,POST,user,socketFilter,0,flags,POST,0,filter,NONE,,,,,,,,,,,,,,,,,
,,flush,value,TTY2,tableName,RS232_0,method,POST,606,access,POST,user,socketFilter,0,flags,POST,0,filter,NONE,,,,,,,,,,,,,,,,,
,,params,value,RS232_0_PARAMS,tableName,RS232_0,method,GET,607,POST,608,access,GET,user,POST,user,socketFilter,0,flags,GET,31,POST,31,array,baud-rate,data-bits,parity,stop-bit,flow-control,END,,,,,,
,,,baud-rate,value,115200,tableName,RS232_0_PARAMS,method,GET,607,POST,608,access,GET,user,POST,user,socketFilter,0,flags,GET,1,POST,1,filter,NONE,,,,,,,,,,
,,,data-bits,value,8,tableName,RS232_0_PARAMS,method,GET,607,POST,608,access,GET,user,POST,user,socketFilter,0,flags,GET,2,POST,2,filter,NONE,,,,,,,,,,
,,,parity,value,even,tableName,RS232_0_PARAMS,method,GET,607,POST,608,access,GET,user,POST,user,socketFilter,0,flags,GET,4,POST,4,filter,NONE,,,,,,,,,,
,,,stop-bit,value,1080p,tableName,RS232_0_PARAMS,method,GET,607,POST,608,access,GET,user,POST,user,socketFilter,0,flags,GET,8,POST,8,filter,NONE,,,,,,,,,,
,,,flow-control,value,Hardware,tableName,RS232_0_PARAMS,method,GET,607,POST,608,access,GET,user,POST,user,socketFilter,0,flags,GET,16,POST,16,filter,NONE,,,,,,,,,,
,,send,value,TTY0,tableName,RS232_0,method,POST,609,access,POST,user,socketFilter,0,flags,POST,0,filter,NONE,,,,,,,,,,,,,,,,,
,,data-in-notification,value,0,tableName,RS232_0,method,GET,610,POST,611,access,GET,user,POST,user,socketFilter,0,flags,GET,0,POST,0,filter,NONE,,,,,,,,,,,
,,read-existing,value,database_name,tableName,RS232_0,method,GET,612,access,GET,user,socketFilter,0,flags,GET,0,filter,NONE,,,,,,,,,,,,,,,,,
,,read-line,value,database_name,tableName,RS232_0,method,GET,613,access,GET,user,socketFilter,0,flags,GET,0,filter,NONE,,,,,,,,,,,,,,,,,
fpga-registers,0,value,0,tableName,FPGA-REGISTERS,method,GET,701,POST,702,access,GET,user,POST,user,socketFilter,1,flags,GET,0,POST,0,filter,NONE,action,FPGA_REGISTER,socketAction,FPGA_REGISTER,,,,,,,,
,1,value,1,tableName,FPGA-REGISTERS,method,GET,701,POST,702,access,GET,user,POST,user,socketFilter,1,flags,GET,0,POST,0,filter,NONE,action,FPGA_REGISTER,socketAction,FPGA_REGISTER,,,,,,,,
,2,value,2,tableName,FPGA-REGISTERS,method,GET,701,POST,702,access,GET,user,POST,user,socketFilter,1,flags,GET,0,POST,0,filter,NONE,action,FPGA_REGISTER,socketAction,FPGA_REGISTER,,,,,,,,
,3,value,3,tableName,FPGA-REGISTERS,method,GET,701,POST,702,access,GET,user,POST,user,socketFilter,1,flags,GET,0,POST,0,filter,NONE,action,FPGA_REGISTER,socketAction,FPGA_REGISTER,,,,,,,,
,4,value,4,tableName,FPGA-REGISTERS,method,GET,701,POST,702,access,GET,user,POST,user,socketFilter,1,flags,GET,0,POST,0,filter,NONE,action,FPGA_REGISTER,socketAction,FPGA_REGISTER,,,,,,,,
,5,value,5,tableName,FPGA-REGISTERS,method,GET,701,POST,702,access,GET,user,POST,user,socketFilter,1,flags,GET,0,POST,0,filter,NONE,action,FPGA_REGISTER,socketAction,FPGA_REGISTER,,,,,,,,
,6,value,6,tableName,FPGA-REGISTERS,method,GET,701,POST,702,access,GET,user,POST,user,socketFilter,1,flags,GET,0,POST,0,filter,NONE,action,FPGA_REGISTER,socketAction,FPGA_REGISTER,,,,,,,,
,7,value,7,tableName,FPGA-REGISTERS,method,GET,701,POST,702,access,GET,user,POST,user,socketFilter,1,flags,GET,0,POST,0,filter,NONE,action,FPGA_REGISTER,socketAction,FPGA_REGISTER,,,,,,,,
,8,value,8,tableName,FPGA-REGISTERS,method,GET,701,POST,702,access,GET,user,POST,user,socketFilter,1,flags,GET,0,POST,0,filter,NONE,action,FPGA_REGISTER,socketAction,FPGA_REGISTER,,,,,,,,
,9,value,9,tableName,FPGA-REGISTERS,method,GET,701,POST,702,access,GET,user,POST,user,socketFilter,1,flags,GET,0,POST,0,filter,NONE,action,FPGA_REGISTER,socketAction,FPGA_REGISTER,,,,,,,,
,10,value,10,tableName,FPGA-REGISTERS,method,GET,701,POST,702,access,GET,user,POST,user,socketFilter,1,flags,GET,0,POST,0,filter,NONE,action,FPGA_REGISTER,socketAction,FPGA_REGISTER,,,,,,,,
,11,value,11,tableName,FPGA-REGISTERS,method,GET,701,POST,702,access,GET,user,POST,user,socketFilter,1,flags,GET,0,POST,0,filter,NONE,action,FPGA_REGISTER,socketAction,FPGA_REGISTER,,,,,,,,
,12,value,12,tableName,FPGA-REGISTERS,method,GET,701,POST,702,access,GET,user,POST,user,socketFilter,1,flags,GET,0,POST,0,filter,NONE,action,FPGA_REGISTER,socketAction,FPGA_REGISTER,,,,,,,,
,13,value,13,tableName,FPGA-REGISTERS,method,GET,701,POST,702,access,GET,user,POST,user,socketFilter,1,flags,GET,0,POST,0,filter,NONE,action,FPGA_REGISTER,socketAction,FPGA_REGISTER,,,,,,,,
,14,value,14,tableName,FPGA-REGISTERS,method,GET,701,POST,702,access,GET,user,POST,user,socketFilter,1,flags,GET,0,POST,0,filter,NONE,action,FPGA_REGISTER,socketAction,FPGA_REGISTER,,,,,,,,
,15,value,15,tableName,FPGA-REGISTERS,method,GET,701,POST,702,access,GET,user,POST,user,socketFilter,1,flags,GET,0,POST,0,filter,NONE,action,FPGA_REGISTER,socketAction,FPGA_REGISTER,,,,,,,,
,16,value,16,tableName,FPGA-REGISTERS,method,GET,701,POST,702,access,GET,user,POST,user,socketFilter,1,flags,GET,0,POST,0,filter,NONE,action,FPGA_REGISTER,socketAction,FPGA_REGISTER,,,,,,,,
,17,value,17,tableName,FPGA-REGISTERS,method,GET,701,POST,702,access,GET,user,POST,user,socketFilter,1,flags,GET,0,POST,0,filter,NONE,action,FPGA_REGISTER,socketAction,FPGA_REGISTER,,,,,,,,
,18,value,18,tableName,FPGA-REGISTERS,method,GET,701,POST,702,access,GET,user,POST,user,socketFilter,1,flags,GET,0,POST,0,filter,NONE,action,FPGA_REGISTER,socketAction,FPGA_REGISTER,,,,,,,,
,19,value,19,tableName,FPGA-REGISTERS,method,GET,701,POST,702,access,GET,user,POST,user,socketFilter,1,flags,GET,0,POST,0,filter,NONE,action,FPGA_REGISTER,socketAction,FPGA_REGISTER,,,,,,,,
,20,value,20,tableName,FPGA-REGISTERS,method,GET,701,POST,702,access,GET,user,POST,user,socketFilter,1,flags,GET,0,POST,0,filter,NONE,action,FPGA_REGISTER,socketAction,FPGA_REGISTER,,,,,,,,
,21,value,21,tableName,FPGA-REGISTERS,method,GET,701,POST,702,access,GET,user,POST,user,socketFilter,1,flags,GET,0,POST,0,filter,NONE,action,FPGA_REGISTER,socketAction,FPGA_REGISTER,,,,,,,,
,22,value,22,tableName,FPGA-REGISTERS,method,GET,701,POST,702,access,GET,user,POST,user,socketFilter,1,flags,GET,0,POST,0,filter,NONE,action,FPGA_REGISTER,socketAction,FPGA_REGISTER,,,,,,,,
,23,value,23,tableName,FPGA-REGISTERS,method,GET,701,POST,702,access,GET,user,POST,user,socketFilter,1,flags,GET,0,POST,0,filter,NONE,action,FPGA_REGISTER,socketAction,FPGA_REGISTER,,,,,,,,
,24,value,24,tableName,FPGA-REGISTERS,method,GET,701,POST,702,access,GET,user,POST,user,socketFilter,1,flags,GET,0,POST,0,filter,NONE,action,FPGA_REGISTER,socketAction,FPGA_REGISTER,,,,,,,,
,25,value,25,tableName,FPGA-REGISTERS,method,GET,701,POST,702,access,GET,user,POST,user,socketFilter,1,flags,GET,0,POST,0,filter,NONE,action,FPGA_REGISTER,socketAction,FPGA_REGISTER,,,,,,,,
,26,value,26,tableName,FPGA-REGISTERS,method,GET,701,POST,702,access,GET,user,POST,user,socketFilter,1,flags,GET,0,POST,0,filter,NONE,action,FPGA_REGISTER,socketAction,FPGA_REGISTER,,,,,,,,
,27,value,27,tableName,FPGA-REGISTERS,method,GET,701,POST,702,access,GET,user,POST,user,socketFilter,1,flags,GET,0,POST,0,filter,NONE,action,FPGA_REGISTER,socketAction,FPGA_REGISTER,,,,,,,,
,28,value,28,tableName,FPGA-REGISTERS,method,GET,701,POST,702,access,GET,user,POST,user,socketFilter,1,flags,GET,0,POST,0,filter,NONE,action,FPGA_REGISTER,socketAction,FPGA_REGISTER,,,,,,,,
,29,value,29,tableName,FPGA-REGISTERS,method,GET,701,POST,702,access,GET,user,POST,user,socketFilter,1,flags,GET,0,POST,0,filter,NONE,action,FPGA_REGISTER,socketAction,FPGA_REGISTER,,,,,,,,
,30,value,30,tableName,FPGA-REGISTERS,method,GET,701,POST,702,access,GET,user,POST,user,socketFilter,1,flags,GET,0,POST,0,filter,NONE,action,FPGA_REGISTER,socketAction,FPGA_REGISTER,,,,,,,,
,31,value,31,tableName,FPGA-REGISTERS,method,GET,701,POST,702,access,GET,user,POST,user,socketFilter,1,flags,GET,0,POST,0,filter,NONE,action,FPGA_REGISTER,socketAction,FPGA_REGISTER,,,,,,,,
,32,value,32,tableName,FPGA-REGISTERS,method,GET,701,POST,702,access,GET,user,POST,user,socketFilter,1,flags,GET,0,POST,0,filter,NONE,action,FPGA_REGISTER,socketAction,FPGA_REGISTER,,,,,,,,
,33,value,33,tableName,FPGA-REGISTERS,method,GET,701,POST,702,access,GET,user,POST,user,socketFilter,1,flags,GET,0,POST,0,filter,NONE,action,FPGA_REGISTER,socketAction,FPGA_REGISTER,,,,,,,,
,34,value,34,tableName,FPGA-REGISTERS,method,GET,701,POST,702,access,GET,user,POST,user,socketFilter,1,flags,GET,0,POST,0,filter,NONE,action,FPGA_REGISTER,socketAction,FPGA_REGISTER,,,,,,,,
,35,value,35,tableName,FPGA-REGISTERS,method,GET,701,POST,702,access,GET,user,POST,user,socketFilter,1,flags,GET,0,POST,0,filter,NONE,action,FPGA_REGISTER,socketAction,FPGA_REGISTER,,,,,,,,
,36,value,36,tableName,FPGA-REGISTERS,method,GET,701,POST,702,access,GET,user,POST,user,socketFilter,1,flags,GET,0,POST,0,filter,NONE,action,FPGA_REGISTER,socketAction,FPGA_REGISTER,,,,,,,,
,37,value,37,tableName,FPGA-REGISTERS,method,GET,701,POST,702,access,GET,user,POST,user,socketFilter,1,flags,GET,0,POST,0,filter,NONE,action,FPGA_REGISTER,socketAction,FPGA_REGISTER,,,,,,,,
,38,value,38,tableName,FPGA-REGISTERS,method,GET,701,POST,702,access,GET,user,POST,user,socketFilter,1,flags,GET,0,POST,0,filter,NONE,action,FPGA_REGISTER,socketAction,FPGA_REGISTER,,,,,,,,
,39,value,39,tableName,FPGA-REGISTERS,method,GET,701,POST,702,access,GET,user,POST,user,socketFilter,1,flags,GET,0,POST,0,filter,NONE,action,FPGA_REGISTER,socketAction,FPGA_REGISTER,,,,,,,,
,40,value,40,tableName,FPGA-REGISTERS,method,GET,701,POST,702,access,GET,user,POST,user,socketFilter,1,flags,GET,0,POST,0,filter,NONE,action,FPGA_REGISTER,socketAction,FPGA_REGISTER,,,,,,,,
,41,value,41,tableName,FPGA-REGISTERS,method,GET,701,POST,702,access,GET,user,POST,user,socketFilter,1,flags,GET,0,POST,0,filter,NONE,action,FPGA_REGISTER,socketAction,FPGA_REGISTER,,,,,,,,
,42,value,42,tableName,FPGA-REGISTERS,method,GET,701,POST,702,access,GET,user,POST,user,socketFilter,1,flags,GET,0,POST,0,filter,NONE,action,FPGA_REGISTER,socketAction,FPGA_REGISTER,,,,,,,,
,43,value,43,tableName,FPGA-REGISTERS,method,GET,701,POST,702,access,GET,user,POST,user,socketFilter,1,flags,GET,0,POST,0,filter,NONE,action,FPGA_REGISTER,socketAction,FPGA_REGISTER,,,,,,,,
,44,value,44,tableName,FPGA-REGISTERS,method,GET,701,POST,702,access,GET,user,POST,user,socketFilter,1,flags,GET,0,POST,0,filter,NONE,action,FPGA_REGISTER,socketAction,FPGA_REGISTER,,,,,,,,
,45,value,45,tableName,FPGA-REGISTERS,method,GET,701,POST,702,access,GET,user,POST,user,socketFilter,1,flags,GET,0,POST,0,filter,NONE,action,FPGA_REGISTER,socketAction,FPGA_REGISTER,,,,,,,,
,46,value,46,tableName,FPGA-REGISTERS,method,GET,701,POST,702,access,GET,user,POST,user,socketFilter,1,flags,GET,0,POST,0,filter,NONE,action,FPGA_REGISTER,socketAction,FPGA_REGISTER,,,,,,,,
,47,value,47,tableName,FPGA-REGISTERS,method,GET,701,POST,702,access,GET,user,POST,user,socketFilter,1,flags,GET,0,POST,0,filter,NONE,action,FPGA_REGISTER,socketAction,FPGA_REGISTER,,,,,,,,
,48,value,48,tableName,FPGA-REGISTERS,method,GET,701,POST,702,access,GET,user,POST,user,socketFilter,1,flags,GET,0,POST,0,filter,NONE,action,FPGA_REGISTER,socketAction,FPGA_REGISTER,,,,,,,,
,49,value,49,tableName,FPGA-REGISTERS,method,GET,701,POST,702,access,GET,user,POST,user,socketFilter,1,flags,GET,0,POST,0,filter,NONE,action,FPGA_REGISTER,socketAction,FPGA_REGISTER,,,,,,,,
,50,value,50,tableName,FPGA-REGISTERS,method,GET,701,POST,702,access,GET,user,POST,user,socketFilter,1,flags,GET,0,POST,0,filter,NONE,action,FPGA_REGISTER,socketAction,FPGA_REGISTER,,,,,,,,
,51,value,51,tableName,FPGA-REGISTERS,method,GET,701,POST,702,access,GET,user,POST,user,socketFilter,1,flags,GET,0,POST,0,filter,NONE,action,FPGA_REGISTER,socketAction,FPGA_REGISTER,,,,,,,,
,52,value,52,tableName,FPGA-REGISTERS,method,GET,701,POST,702,access,GET,user,POST,user,socketFilter,1,flags,GET,0,POST,0,filter,NONE,action,FPGA_REGISTER,socketAction,FPGA_REGISTER,,,,,,,,
,53,value,53,tableName,FPGA-REGISTERS,method,GET,701,POST,702,access,GET,user,POST,user,socketFilter,1,flags,GET,0,POST,0,filter,NONE,action,FPGA_REGISTER,socketAction,FPGA_REGISTER,,,,,,,,
,54,value,54,tableName,FPGA-REGISTERS,method,GET,701,POST,702,access,GET,user,POST,user,socketFilter,1,flags,GET,0,POST,0,filter,NONE,action,FPGA_REGISTER,socketAction,FPGA_REGISTER,,,,,,,,
,55,value,55,tableName,FPGA-REGISTERS,method,GET,701,POST,702,access,GET,user,POST,user,socketFilter,1,flags,GET,0,POST,0,filter,NONE,action,FPGA_REGISTER,socketAction,FPGA_REGISTER,,,,,,,,
,56,value,56,tableName,FPGA-REGISTERS,method,GET,701,POST,702,access,GET,user,POST,user,socketFilter,1,flags,GET,0,POST,0,filter,NONE,action,FPGA_REGISTER,socketAction,FPGA_REGISTER,,,,,,,,
,57,value,57,tableName,FPGA-REGISTERS,method,GET,701,POST,702,access,GET,user,POST,user,socketFilter,1,flags,GET,0,POST,0,filter,NONE,action,FPGA_REGISTER,socketAction,FPGA_REGISTER,,,,,,,,
,58,value,58,tableName,FPGA-REGISTERS,method,GET,701,POST,702,access,GET,user,POST,user,socketFilter,1,flags,GET,0,POST,0,filter,NONE,action,FPGA_REGISTER,socketAction,FPGA_REGISTER,,,,,,,,
,59,value,59,tableName,FPGA-REGISTERS,method,GET,701,POST,702,access,GET,user,POST,user,socketFilter,1,flags,GET,0,POST,0,filter,NONE,action,FPGA_REGISTER,socketAction,FPGA_REGISTER,,,,,,,,
,60,value,60,tableName,FPGA-REGISTERS,method,GET,701,POST,702,access,GET,user,POST,user,socketFilter,1,flags,GET,0,POST,0,filter,NONE,action,FPGA_REGISTER,socketAction,FPGA_REGISTER,,,,,,,,
,61,value,61,tableName,FPGA-REGISTERS,method,GET,701,POST,702,access,GET,user,POST,user,socketFilter,1,flags,GET,0,POST,0,filter,NONE,action,FPGA_REGISTER,socketAction,FPGA_REGISTER,,,,,,,,
,62,value,62,tableName,FPGA-REGISTERS,method,GET,701,POST,702,access,GET,user,POST,user,socketFilter,1,flags,GET,0,POST,0,filter,NONE,action,FPGA_REGISTER,socketAction,FPGA_REGISTER,,,,,,,,
,63,value,63,tableName,FPGA-REGISTERS,method,GET,701,POST,702,access,GET,user,POST,user,socketFilter,1,flags,GET,0,POST,0,filter,NONE,action,FPGA_REGISTER,socketAction,FPGA_REGISTER,,,,,,,,
,64,value,64,tableName,FPGA-REGISTERS,method,GET,701,POST,702,access,GET,user,POST,user,socketFilter,1,flags,GET,0,POST,0,filter,NONE,action,FPGA_REGISTER,socketAction,FPGA_REGISTER,,,,,,,,
,65,value,65,tableName,FPGA-REGISTERS,method,GET,701,POST,702,access,GET,user,POST,user,socketFilter,1,flags,GET,0,POST,0,filter,NONE,action,FPGA_REGISTER,socketAction,FPGA_REGISTER,,,,,,,,
,66,value,66,tableName,FPGA-REGISTERS,method,GET,701,POST,702,access,GET,user,POST,user,socketFilter,1,flags,GET,0,POST,0,filter,NONE,action,FPGA_REGISTER,socketAction,FPGA_REGISTER,,,,,,,,
,67,value,67,tableName,FPGA-REGISTERS,method,GET,701,POST,702,access,GET,user,POST,user,socketFilter,1,flags,GET,0,POST,0,filter,NONE,action,FPGA_REGISTER,socketAction,FPGA_REGISTER,,,,,,,,
,68,value,68,tableName,FPGA-REGISTERS,method,GET,701,POST,702,access,GET,user,POST,user,socketFilter,1,flags,GET,0,POST,0,filter,NONE,action,FPGA_REGISTER,socketAction,FPGA_REGISTER,,,,,,,,
,69,value,69,tableName,FPGA-REGISTERS,method,GET,701,POST,702,access,GET,user,POST,user,socketFilter,1,flags,GET,0,POST,0,filter,NONE,action,FPGA_REGISTER,socketAction,FPGA_REGISTER,,,,,,,,
,70,value,70,tableName,FPGA-REGISTERS,method,GET,701,POST,702,access,GET,user,POST,user,socketFilter,1,flags,GET,0,POST,0,filter,NONE,action,FPGA_REGISTER,socketAction,FPGA_REGISTER,,,,,,,,
,71,value,71,tableName,FPGA-REGISTERS,method,GET,701,POST,702,access,GET,user,POST,user,socketFilter,1,flags,GET,0,POST,0,filter,NONE,action,FPGA_REGISTER,socketAction,FPGA_REGISTER,,,,,,,,
,72,value,72,tableName,FPGA-REGISTERS,method,GET,701,POST,702,access,GET,user,POST,user,socketFilter,1,flags,GET,0,POST,0,filter,NONE,action,FPGA_REGISTER,socketAction,FPGA_REGISTER,,,,,,,,
,73,value,73,tableName,FPGA-REGISTERS,method,GET,701,POST,702,access,GET,user,POST,user,socketFilter,1,flags,GET,0,POST,0,filter,NONE,action,FPGA_REGISTER,socketAction,FPGA_REGISTER,,,,,,,,
,74,value,74,tableName,FPGA-REGISTERS,method,GET,701,POST,702,access,GET,user,POST,user,socketFilter,1,flags,GET,0,POST,0,filter,NONE,action,FPGA_REGISTER,socketAction,FPGA_REGISTER,,,,,,,,
,75,value,75,tableName,FPGA-REGISTERS,method,GET,701,POST,702,access,GET,user,POST,user,socketFilter,1,flags,GET,0,POST,0,filter,NONE,action,FPGA_REGISTER,socketAction,FPGA_REGISTER,,,,,,,,
,76,value,76,tableName,FPGA-REGISTERS,method,GET,701,POST,702,access,GET,user,POST,user,socketFilter,1,flags,GET,0,POST,0,filter,NONE,action,FPGA_REGISTER,socketAction,FPGA_REGISTER,,,,,,,,
,77,value,77,tableName,FPGA-REGISTERS,method,GET,701,POST,702,access,GET,user,POST,user,socketFilter,1,flags,GET,0,POST,0,filter,NONE,action,FPGA_REGISTER,socketAction,FPGA_REGISTER,,,,,,,,
,78,value,78,tableName,FPGA-REGISTERS,method,GET,701,POST,702,access,GET,user,POST,user,socketFilter,1,flags,GET,0,POST,0,filter,NONE,action,FPGA_REGISTER,socketAction,FPGA_REGISTER,,,,,,,,
,79,value,79,tableName,FPGA-REGISTERS,method,GET,701,POST,702,access,GET,user,POST,user,socketFilter,1,flags,GET,0,POST,0,filter,NONE,action,FPGA_REGISTER,socketAction,FPGA_REGISTER,,,,,,,,
,80,value,80,tableName,FPGA-REGISTERS,method,GET,701,POST,702,access,GET,user,POST,user,socketFilter,1,flags,GET,0,POST,0,filter,NONE,action,FPGA_REGISTER,socketAction,FPGA_REGISTER,,,,,,,,
,81,value,81,tableName,FPGA-REGISTERS,method,GET,701,POST,702,access,GET,user,POST,user,socketFilter,1,flags,GET,0,POST,0,filter,NONE,action,FPGA_REGISTER,socketAction,FPGA_REGISTER,,,,,,,,
,82,value,82,tableName,FPGA-REGISTERS,method,GET,701,POST,702,access,GET,user,POST,user,socketFilter,1,flags,GET,0,POST,0,filter,NONE,action,FPGA_REGISTER,socketAction,FPGA_REGISTER,,,,,,,,
,83,value,83,tableName,FPGA-REGISTERS,method,GET,701,POST,702,access,GET,user,POST,user,socketFilter,1,flags,GET,0,POST,0,filter,NONE,action,FPGA_REGISTER,socketAction,FPGA_REGISTER,,,,,,,,
,84,value,84,tableName,FPGA-REGISTERS,method,GET,701,POST,702,access,GET,user,POST,user,socketFilter,1,flags,GET,0,POST,0,filter,NONE,action,FPGA_REGISTER,socketAction,FPGA_REGISTER,,,,,,,,
,85,value,85,tableName,FPGA-REGISTERS,method,GET,701,POST,702,access,GET,user,POST,user,socketFilter,1,flags,GET,0,POST,0,filter,NONE,action,FPGA_REGISTER,socketAction,FPGA_REGISTER,,,,,,,,
,86,value,86,tableName,FPGA-REGISTERS,method,GET,701,POST,702,access,GET,user,POST,user,socketFilter,1,flags,GET,0,POST,0,filter,NONE,action,FPGA_REGISTER,socketAction,FPGA_REGISTER,,,,,,,,
,87,value,87,tableName,FPGA-REGISTERS,method,GET,701,POST,702,access,GET,user,POST,user,socketFilter,1,flags,GET,0,POST,0,filter,NONE,action,FPGA_REGISTER,socketAction,FPGA_REGISTER,,,,,,,,
,88,value,88,tableName,FPGA-REGISTERS,method,GET,701,POST,702,access,GET,user,POST,user,socketFilter,1,flags,GET,0,POST,0,filter,NONE,action,FPGA_REGISTER,socketAction,FPGA_REGISTER,,,,,,,,
,89,value,89,tableName,FPGA-REGISTERS,method,GET,701,POST,702,access,GET,user,POST,user,socketFilter,1,flags,GET,0,POST,0,filter,NONE,action,FPGA_REGISTER,socketAction,FPGA_REGISTER,,,,,,,,
,90,value,90,tableName,FPGA-REGISTERS,method,GET,701,POST,702,access,GET,user,POST,user,socketFilter,1,flags,GET,0,POST,0,filter,NONE,action,FPGA_REGISTER,socketAction,FPGA_REGISTER,,,,,,,,
,91,value,91,tableName,FPGA-REGISTERS,method,GET,701,POST,702,access,GET,user,POST,user,socketFilter,1,flags,GET,0,POST,0,filter,NONE,action,FPGA_REGISTER,socketAction,FPGA_REGISTER,,,,,,,,
,92,value,92,tableName,FPGA-REGISTERS,method,GET,701,POST,702,access,GET,user,POST,user,socketFilter,1,flags,GET,0,POST,0,filter,NONE,action,FPGA_REGISTER,socketAction,FPGA_REGISTER,,,,,,,,
,93,value,93,tableName,FPGA-REGISTERS,method,GET,701,POST,702,access,GET,user,POST,user,socketFilter,1,flags,GET,0,POST,0,filter,NONE,action,FPGA_REGISTER,socketAction,FPGA_REGISTER,,,,,,,,
,94,value,94,tableName,FPGA-REGISTERS,method,GET,701,POST,702,access,GET,user,POST,user,socketFilter,1,flags,GET,0,POST,0,filter,NONE,action,FPGA_REGISTER,socketAction,FPGA_REGISTER,,,,,,,,
,95,value,95,tableName,FPGA-REGISTERS,method,GET,701,POST,702,access,GET,user,POST,user,socketFilter,1,flags,GET,0,POST,0,filter,NONE,action,FPGA_REGISTER,socketAction,FPGA_REGISTER,,,,,,,,
,96,value,96,tableName,FPGA-REGISTERS,method,GET,701,POST,702,access,GET,user,POST,user,socketFilter,1,flags,GET,0,POST,0,filter,NONE,action,FPGA_REGISTER,socketAction,FPGA_REGISTER,,,,,,,,
,97,value,97,tableName,FPGA-REGISTERS,method,GET,701,POST,702,access,GET,user,POST,user,socketFilter,1,flags,GET,0,POST,0,filter,NONE,action,FPGA_REGISTER,socketAction,FPGA_REGISTER,,,,,,,,
,98,value,98,tableName,FPGA-REGISTERS,method,GET,701,POST,702,access,GET,user,POST,user,socketFilter,1,flags,GET,0,POST,0,filter,NONE,action,FPGA_REGISTER,socketAction,FPGA_REGISTER,,,,,,,,
,99,value,99,tableName,FPGA-REGISTERS,method,GET,701,POST,702,access,GET,user,POST,user,socketFilter,1,flags,GET,0,POST,0,filter,NONE,action,FPGA_REGISTER,socketAction,FPGA_REGISTER,,,,,,,,
,100,value,100,tableName,FPGA-REGISTERS,method,GET,701,POST,702,access,GET,user,POST,user,socketFilter,1,flags,GET,0,POST,0,filter,NONE,action,FPGA_REGISTER,socketAction,FPGA_REGISTER,,,,,,,,
i2c-registers,66H,value,66H,tableName,I2C-REGISTERS,method,GET,801,POST,802,access,GET,user,POST,user,socketFilter,1,flags,GET,0,POST,0,filter,NONE,action,I2C_REGISTER,socketAction,I2C_REGISTER,,,,,,,,
,99H,value,99H,tableName,I2C-REGISTERS,method,GET,801,POST,802,access,GET,user,POST,user,socketFilter,1,flags,GET,0,POST,0,filter,NONE,action,I2C_REGISTER,socketAction,I2C_REGISTER,,,,,,,,
,20H,value,20H,tableName,I2C-REGISTERS,method,GET,801,POST,802,access,GET,user,POST,user,socketFilter,2,flags,GET,0,POST,0,filter,NONE,action,I2C_REGISTER,socketAction,I2C_REGISTER,,,,,,,,
,50H,value,50H,tableName,I2C-REGISTERS,method,GET,801,POST,802,access,GET,user,POST,user,socketFilter,3,flags,GET,0,POST,0,filter,NONE,action,I2C_REGISTER,socketAction,I2C_REGISTER,,,,,,,,
,44H,value,44H,tableName,I2C-REGISTERS,method,GET,801,POST,802,access,GET,user,POST,user,socketFilter,4,flags,GET,0,POST,0,filter,NONE,action,I2C_REGISTER,socketAction,I2C_REGISTER,,,,,,,,
,2DH,value,2DH,tableName,I2C-REGISTERS,method,GET,801,POST,802,access,GET,user,POST,user,socketFilter,5,flags,GET,0,POST,0,filter,NONE,action,I2C_REGISTER,socketAction,I2C_REGISTER,,,,,,,,
,4AH,value,4AH,tableName,I2C-REGISTERS,method,GET,801,POST,802,access,GET,user,POST,user,socketFilter,6,flags,GET,0,POST,0,filter,NONE,action,I2C_REGISTER,socketAction,I2C_REGISTER,,,,,,,,
,48H,value,48H,tableName,I2C-REGISTERS,method,GET,801,POST,802,access,GET,user,POST,user,socketFilter,7,flags,GET,0,POST,0,filter,NONE,action,I2C_REGISTER,socketAction,I2C_REGISTER,,,,,,,,
