system,firmware,fpga-version,value,1v0,tableName,SYSTEM_FIRMWARE,method,GET,1,access,GET,user,socketFilter,0,flags,GET,0,filter,dataType,NONE,dataType,STR,,,,,,,,,,,,,,,,,,,,,,
,,processor-version,value,1v1,tableName,SYSTEM_FIRMWARE,method,GET,2,access,GET,user,socketFilter,0,flags,GET,0,filter,dataType,NONE,dataType,STR,,,,,,,,,,,,,,,,,,,,,,
,,system-version,value,1v1,tableName,SYSTEM_FIRMWARE,method,GET,3,access,GET,user,socketFilter,0,flags,GET,0,filter,dataType,NONE,dataType,STR,,,,,,,,,,,,,,,,,,,,,,
,,hw-version,value,1v1,tableName,SYSTEM_FIRMWARE,method,GET,4,access,GET,user,socketFilter,0,flags,GET,0,filter,dataType,NONE,dataType,STR,,,,,,,,,,,,,,,,,,,,,,
,,processor-field-upgrade,value,SYSTEM_FIRMWARE_PROCESSOR-FIELD-UPGRADE,tableName,SYSTEM_FIRMWARE,method,POST,5,access,POST,admin,socketFilter,0,flags,POST,3,array,file_name,location,END,,,,,,,,,,,,,,,,,,,,,,,
,,,file_name,value,Dsp-image-name,tableName,SYSTEM_FIRMWARE_PROCESSOR-FIELD-UPGRADE,method,POST,5,access,POST,admin,socketFilter,0,flags,POST,1,filter,dataType,NONE,dataType,STR,,,,,,,,,,,,,,,,,,,,,
,,,location,value,Dsp-image-location,tableName,SYSTEM_FIRMWARE_PROCESSOR-FIELD-UPGRADE,method,POST,5,access,POST,admin,socketFilter,0,flags,POST,2,filter,dataType,NONE,dataType,STR,,,,,,,,,,,,,,,,,,,,,
,,fpga-field-upgrade,value,SYSTEM_FIRMWARE_FPGA-FIELD-UPGRADE,tableName,SYSTEM_FIRMWARE,method,POST,6,access,POST,admin,socketFilter,0,flags,POST,3,array,file_name,location,END,,,,,,,,,,,,,,,,,,,,,,,
,,,file_name,value,Dsp-image-name,tableName,SYSTEM_FIRMWARE_FPGA-FIELD-UPGRADE,method,POST,6,access,POST,admin,socketFilter,0,flags,POST,1,filter,dataType,NONE,dataType,STR,,,,,,,,,,,,,,,,,,,,,
,,,location,value,Dsp-image-location,tableName,SYSTEM_FIRMWARE_FPGA-FIELD-UPGRADE,method,POST,6,access,POST,admin,socketFilter,0,flags,POST,2,filter,dataType,NONE,dataType,STR,,,,,,,,,,,,,,,,,,,,,
,,fpga-upgrade-status,value,0,tableName,SYSTEM_FIRMWARE,method,GET,7,access,GET,user,socketFilter,0,flags,GET,0,filter,dataType,NONE,dataType,INTEGER,,,,,,,,,,,,,,,,,,,,,,
,,processor-upgrade-status,value,0,tableName,SYSTEM_FIRMWARE,method,GET,8,access,GET,user,socketFilter,0,flags,GET,0,filter,dataType,NONE,dataType,INTEGER,,,,,,,,,,,,,,,,,,,,,,
,,switch,value,1,tableName,SYSTEM_FIRMWARE,method,POST,9,access,POST,user,socketFilter,0,flags,POST,0,filter,LIST,dataType,NONE,LIST,0,1,END,dataType,INTEGER,,,,,,,,,,,,,,,,,
,,serial-no,value,AAA1BBB2CCC3DDD4,tableName,SYSTEM_FIRMWARE,method,GET,10,POST,11,access,GET,user,POST,admin,socketFilter,0,flags,GET,0,POST,0,filter,TYPE,dataType,NONE,TYPE,LENGTH16,END,dataType,STR,,,,,,,,,,,,
,network,ip-settings,value,SYSTEM_NETWORK_IP-SETTINGS,tableName,SYSTEM_NETWORK,method,GET,12,POST,13,access,GET,user,POST,user,socketFilter,0,flags,GET,7,POST,7,array,ip-addr,subnet-mask,gateway,END,,,,,,,,,,,,,,,,
,,,ip-addr,value,192.168.1.90,tableName,SYSTEM_NETWORK_IP-SETTINGS,method,GET,12,POST,13,access,GET,user,POST,user,socketFilter,0,flags,GET,1,POST,1,filter,TYPE,dataType,NONE,TYPE,IPAddress,END,dataType,STR,,,,,,,,,,,
,,,subnet-mask,value,255.255.255.0,tableName,SYSTEM_NETWORK_IP-SETTINGS,method,GET,12,POST,13,access,GET,user,POST,user,socketFilter,0,flags,GET,2,POST,2,filter,TYPE,dataType,NONE,TYPE,IPAddress,END,dataType,STR,,,,,,,,,,,
,,,gateway,value,0.0.0.0,tableName,SYSTEM_NETWORK_IP-SETTINGS,method,GET,12,POST,13,access,GET,user,POST,user,socketFilter,0,flags,GET,4,POST,4,filter,TYPE,dataType,NONE,TYPE,IPAddress,END,dataType,STR,,,,,,,,,,,
,,tos,value,7,tableName,SYSTEM_NETWORK,method,GET,14,POST,15,access,GET,user,POST,user,socketFilter,0,flags,GET,0,POST,0,filter,MIN,MAX,dataType,NONE,MIN,0,MAX,7,dataType,INTEGER,,,,,,,,,,
,,mtu-size,value,1400,tableName,SYSTEM_NETWORK,method,GET,16,POST,17,access,GET,user,POST,user,socketFilter,0,flags,GET,0,POST,0,filter,MIN,MAX,dataType,NONE,MIN,64,MAX,1500,dataType,INTEGER,,,,,,,,,,
,,mode,value,2,tableName,SYSTEM_NETWORK,method,GET,18,POST,19,access,GET,user,POST,user,socketFilter,0,flags,GET,0,POST,0,filter,LIST,dataType,NONE,LIST,1,2,3,END,dataType,INTEGER,,,,,,,,,,
,,notify-ip-addr,value,192.168.0.77,tableName,SYSTEM_NETWORK,method,GET,20,POST,21,access,GET,user,POST,user,socketFilter,1,flags,GET,0,POST,0,filter,TYPE,dataType,NONE,TYPE,IPAddress,END,dataType,STR,action,NOTIFY_IP,,,,,,,,,,
,,notify-port,value,SYSTEM_NETWORK_NOTIFY-PORT,tableName,SYSTEM_NETWORK,method,GET,22,POST,23,access,GET,user,POST,user,socketFilter,1,flags,GET,1,POST,1,array,port,END,action,NOTIFY_PORT,,,,,,,,,,,,,,,,
,,,port,value,9999,tableName,SYSTEM_NETWORK_NOTIFY-PORT,method,GET,22,POST,23,access,GET,user,POST,user,socketFilter,1,flags,GET,1,POST,1,filter,dataType,NONE,dataType,INTEGER,action,NOTIFY_PORT,,,,,,,,,,,,,
,,image-server-ip-addr,value,0.0.0.0,tableName,SYSTEM_NETWORK,method,GET,24,POST,25,access,GET,user,POST,user,socketFilter,0,flags,GET,0,POST,0,filter,TYPE,dataType,NONE,TYPE,IPAddress,END,dataType,STR,,,,,,,,,,,,
,,eth-interfaces,value,1,tableName,SYSTEM_NETWORK,method,GET,26,access,GET,user,socketFilter,0,flags,GET,0,filter,dataType,NONE,dataType,INTEGER,,,,,,,,,,,,,,,,,,,,,,
,diagnostics,hw-status,value,1,tableName,SYSTEM_DIAGNOSTICS,method,GET,27,access,GET,user,socketFilter,0,flags,GET,0,filter,LIST,dataType,NONE,LIST,0,1,END,dataType,INTEGER,,,,,,,,,,,,,,,,,
,,temperature-threshold,value,60,tableName,SYSTEM_DIAGNOSTICS,method,GET,74,POST,75,access,GET,user,POST,user,socketFilter,0,flags,GET,0,POST,0,filter,dataType,NONE,dataType,INTEGER,,,,,,,,,,,,,,,,
,,temperature,value,25,tableName,SYSTEM_DIAGNOSTICS,method,GET,28,access,GET,user,socketFilter,0,flags,GET,0,filter,dataType,NONE,dataType,DOUBLE,,,,,,,,,,,,,,,,,,,,,,
,,device-log,value,SUCCESS,tableName,SYSTEM_DIAGNOSTICS,method,GET,29,access,GET,user,socketFilter,0,flags,GET,0,filter,dataType,NONE,dataType,STR,,,,,,,,,,,,,,,,,,,,,,
,,device-log-level,value,7,tableName,SYSTEM_DIAGNOSTICS,method,GET,30,POST,31,access,GET,user,POST,user,socketFilter,0,flags,GET,0,POST,0,filter,MIN,MAX,dataType,NONE,MIN,0,MAX,7,dataType,INTEGER,action,LOG_LEVEL,,,,,,,,
,,device-log-facility,value,1,tableName,SYSTEM_DIAGNOSTICS,method,GET,32,POST,33,access,GET,user,POST,user,socketFilter,0,flags,GET,0,POST,0,filter,MIN,MAX,dataType,NONE,MIN,0,MAX,3,dataType,INTEGER,action,LOG_FACILITY,,,,,,,,
,,dev-log-ip-addr,value,0.0.0.0,tableName,SYSTEM_DIAGNOSTICS,method,GET,34,POST,35,access,GET,user,POST,user,socketFilter,0,flags,GET,0,POST,0,filter,TYPE,dataType,NONE,TYPE,IPAddress,END,dataType,STR,action,LOG_IP_ADDRESS,,,,,,,,,,
,splash-scrn,enable,value,1,tableName,SYSTEM_SPLASH-SCRN,method,GET,36,POST,37,access,GET,user,POST,user,socketFilter,0,flags,GET,0,POST,0,filter,MIN,MAX,dataType,NONE,MIN,0,MAX,1,dataType,INTEGER,,,,,,,,,,
,,upload,value,SYSTEM_SPLASH-SCRN_UPLOAD,tableName,SYSTEM_SPLASH-SCRN,method,POST,38,access,POST,user,socketFilter,1,flags,POST,3,array,file_name,location,END,action,SPLASH_SCREEN_UPLOAD,,,,,,,,,,,,,,,,,,,,,
,,,file_name,value,splash-screen-image-name,tableName,SYSTEM_SPLASH-SCRN_UPLOAD,method,POST,38,access,POST,user,socketFilter,1,flags,POST,1,filter,dataType,NONE,dataType,STR,action,SPLASH_SCREEN_UPLOAD,,,,,,,,,,,,,,,,,,,
,,,location,value,Splash-screen-image-location,tableName,SYSTEM_SPLASH-SCRN_UPLOAD,method,POST,38,access,POST,user,socketFilter,1,flags,POST,2,filter,dataType,NONE,dataType,STR,action,SPLASH_SCREEN_UPLOAD,,,,,,,,,,,,,,,,,,,
,,get-name,value,image.jpg,tableName,SYSTEM_SPLASH-SCRN,method,GET,39,access,GET,user,socketFilter,0,flags,GET,0,filter,dataType,NONE,dataType,STR,,,,,,,,,,,,,,,,,,,,,,
,reset,soft-reset,value,1,tableName,SYSTEM_RESET,method,POST,40,access,POST,user,socketFilter,0,flags,POST,0,filter,LIST,dataType,NONE,LIST,1,END,dataType,INTEGER,,,,,,,,,,,,,,,,,,
,,configuration-reset,value,1,tableName,SYSTEM_RESET,method,POST,41,access,POST,user,socketFilter,0,flags,POST,0,filter,LIST,dataType,NONE,LIST,1,END,dataType,INTEGER,,,,,,,,,,,,,,,,,,
,,factory-reset,value,1,tableName,SYSTEM_RESET,method,POST,42,access,POST,user,socketFilter,0,flags,POST,0,filter,LIST,dataType,NONE,LIST,1,END,dataType,INTEGER,,,,,,,,,,,,,,,,,,
,reboot,value,1,tableName,SYSTEM,method,POST,43,access,POST,user,socketFilter,0,flags,POST,0,filter,LIST,dataType,NONE,LIST,1,END,dataType,INTEGER,,,,,,,,,,,,,,,,,,,
,authentication,admin,value,admin,tableName,SYSTEM_AUTHENTICATION,method,GET,44,POST,45,access,GET,admin,POST,admin,socketFilter,1,flags,GET,0,POST,0,filter,dataType,NONE,dataType,STR,action,ADMIN_NAME,,,,,,,,,,,,,,
,,admin-pwd,value,Admin1234,tableName,SYSTEM_AUTHENTICATION,method,POST,46,access,POST,admin,socketFilter,1,flags,POST,0,flags,GET,0,POST,0,filter,dataType,NONE,dataType,STR,action,ADMIN_PWD,,,,,,,,,,,,,,,
,,user,value,user,tableName,SYSTEM_AUTHENTICATION,method,GET,47,POST,48,access,GET,admin,POST,user,socketFilter,1,flags,GET,0,POST,0,filter,dataType,NONE,dataType,STR,action,USER_NAME,,,,,,,,,,,,,,
,,user-pwd,value,User1234,tableName,SYSTEM_AUTHENTICATION,method,POST,49,access,POST,user,socketFilter,1,flags,POST,0,filter,dataType,NONE,dataType,STR,action,USER_PWD,,,,,,,,,,,,,,,,,,,,
,identification,id,value,DECODER001,tableName,SYSTEM_IDENTIFICATION,method,GET,50,POST,86,access,GET,user,POST,admin,socketFilter,0,flags,GET,0,POST,0,filter,dataType,NONE,dataType,STR,action,ID,,,,,,,,,,,,,,
,video-mode,enable-3d,value,0,tableName,SYSTEM_VIDEO-MODE,method,GET,51,POST,52,access,GET,user,POST,user,socketFilter,0,flags,GET,0,POST,0,filter,MIN,MAX,dataType,NONE,MIN,0,MAX,1,dataType,INTEGER,,,,,,,,,,
,config-file,upload,value,SYSTEM_CONFIG-FILE_UPLOAD,tableName,SYSTEM_CONFIG-FILE,method,POST,53,access,POST,admin,socketFilter,0,flags,POST,3,array,file-name,location,END,,,,,,,,,,,,,,,,,,,,,,,
,,,file-name,value,config.csv,tableName,SYSTEM_CONFIG-FILE_UPLOAD,method,POST,53,access,POST,admin,socketFilter,0,flags,POST,1,filter,dataType,NONE,dataType,STR,,,,,,,,,,,,,,,,,,,,,
,,,location,value,config.csv,tableName,SYSTEM_CONFIG-FILE_UPLOAD,method,POST,53,access,POST,admin,socketFilter,0,flags,POST,2,filter,dataType,NONE,dataType,STR,,,,,,,,,,,,,,,,,,,,,
,,download,value,SUCCESS,tableName,SYSTEM_CONFIG-FILE,method,GET,54,access,GET,user,socketFilter,0,flags,GET,0,filter,dataType,NONE,dataType,STR,,,,,,,,,,,,,,,,,,,,,,
,,delete,value,SYSTEM_CONFIG-FILE_DELETE,tableName,SYSTEM_CONFIG-FILE,method,POST,55,access,POST,admin,socketFilter,0,flags,POST,1,array,file-name,END,,,,,,,,,,,,,,,,,,,,,,,,
,,,file-name,value,config.csv,tableName,SYSTEM_CONFIG-FILE_DELETE,method,POST,55,access,POST,admin,socketFilter,0,flags,POST,1,filter,dataType,NONE,dataType,STR,,,,,,,,,,,,,,,,,,,,,
,,update,value,1,tableName,SYSTEM_CONFIG-FILE,method,POST,56,access,POST,admin,socketFilter,1,flags,POST,0,filter,dataType,NONE,dataType,STR,action,CONFIG_UPDATE,,,,,,,,,,,,,,,,,,,,
,mdns,add-key,value,SYSTEM_MDNS_ADD-KEY,tableName,SYSTEM_MDNS,method,POST,57,access,POST,user,socketFilter,1,flags,POST,0,array,key,data-value,END,action,ADD_RECORD,,,,,,,,,,,,,,,,,,,,,
,,,key,value,id,tableName,SYSTEM_MDNS_ADD-KEY,method,POST,57,access,POST,user,socketFilter,1,flags,POST,0,filter,dataType,NONE,dataType,STR,action,ADD_RECORD,,,,,,,,,,,,,,,,,,,
,,,data-value,value,DECODER002,tableName,SYSTEM_MDNS_ADD-KEY,method,POST,57,access,POST,user,socketFilter,1,flags,POST,0,filter,dataType,NONE,dataType,STR,action,ADD_RECORD,,,,,,,,,,,,,,,,,,,
,,delete-key,value,id,tableName,SYSTEM_MDNS,method,POST,58,access,POST,user,socketFilter,1,flags,POST,0,filter,dataType,NONE,dataType,STR,action,DELETE_RECORD,,,,,,,,,,,,,,,,,,,,
,,read-key,value,id,tableName,SYSTEM_MDNS,method,GET,59,access,GET,user,socketFilter,1,flags,GET,0,filter,dataType,NONE,dataType,STR,action,READ_RECORD,,,,,,,,,,,,,,,,,,,,
,,edit-key,value,SYSTEM_MDNS_EDIT-KEY,tableName,SYSTEM_MDNS,method,POST,60,access,POST,user,socketFilter,1,flags,POST,0,array,key,data-value,END,action,EDIT_RECORD,,,,,,,,,,,,,,,,,,,,,
,,,key,value,id,tableName,SYSTEM_MDNS_EDIT-KEY,method,POST,60,access,POST,user,socketFilter,1,flags,POST,0,filter,dataType,NONE,dataType,STR,action,EDIT_RECORD,,,,,,,,,,,,,,,,,,,
,,,data-value,value,DECODER001,tableName,SYSTEM_MDNS_EDIT-KEY,method,POST,60,access,POST,user,socketFilter,1,flags,POST,0,filter,dataType,NONE,dataType,STR,action,EDIT_RECORD,,,,,,,,,,,,,,,,,,,
,misc,board-type,value,11,tableName,SYSTEM_MISC,method,GET,61,access,GET,user,socketFilter,0,flags,GET,0,filter,LIST,dataType,NONE,LIST,0,1,10,11,END,dataType,INTEGER,,,,,,,,,,,,,,,
,,led-on-time,value,50,tableName,SYSTEM_MISC,method,GET,62,POST,63,access,GET,user,POST,user,socketFilter,0,flags,GET,0,POST,0,filter,MIN,MAX,dataType,NONE,MIN,1,MAX,60,dataType,INTEGER,,,,,,,,,,
,,led-off-time,value,50,tableName,SYSTEM_MISC,method,GET,64,POST,65,access,GET,user,POST,user,socketFilter,0,flags,GET,0,POST,0,filter,MIN,MAX,dataType,NONE,MIN,1,MAX,60,dataType,INTEGER,,,,,,,,,,
,,http-mode,value,1,tableName,SYSTEM_MISC,method,GET,66,POST,67,access,GET,user,POST,user,socketFilter,1,flags,GET,0,POST,0,filter,MIN,MAX,dataType,NONE,MIN,1,MAX,2,dataType,INTEGER,action,HTTP_SWITCH,,,,,,,,
,,enable-encryption,value,0,tableName,SYSTEM_MISC,method,GET,68,POST,69,access,GET,user,POST,user,socketFilter,1,flags,GET,0,POST,0,filter,MIN,MAX,dataType,NONE,MIN,0,MAX,1,dataType,INTEGER,action,ENCRYPT_DECRYPT,,,,,,,,
,,rtc,value,SYSTEM_MISC_RTC,tableName,SYSTEM_MISC,method,GET,70,POST,71,access,GET,user,POST,user,socketFilter,0,flags,GET,63,POST,63,array,year,month,day,hour,min,sec,END,,,,,,,,,,,,,
,,,year,value,2015,tableName,SYSTEM_MISC_RTC,method,GET,70,POST,71,access,GET,user,POST,user,socketFilter,0,flags,GET,1,POST,1,filter,MIN,MAX,dataType,NONE,MIN,1970,MAX,2050,dataType,INTEGER,,,,,,,,,
,,,month,value,6,tableName,SYSTEM_MISC_RTC,method,GET,70,POST,71,access,GET,user,POST,user,socketFilter,0,flags,GET,2,POST,2,filter,MIN,MAX,dataType,NONE,MIN,1,MAX,12,dataType,INTEGER,,,,,,,,,
,,,day,value,27,tableName,SYSTEM_MISC_RTC,method,GET,70,POST,71,access,GET,user,POST,user,socketFilter,0,flags,GET,4,POST,4,filter,MIN,MAX,dataType,NONE,MIN,1,MAX,31,dataType,INTEGER,,,,,,,,,
,,,hour,value,14,tableName,SYSTEM_MISC_RTC,method,GET,70,POST,71,access,GET,user,POST,user,socketFilter,0,flags,GET,8,POST,8,filter,MIN,MAX,dataType,NONE,MIN,0,MAX,23,dataType,INTEGER,,,,,,,,,
,,,min,value,46,tableName,SYSTEM_MISC_RTC,method,GET,70,POST,71,access,GET,user,POST,user,socketFilter,0,flags,GET,16,POST,16,filter,MIN,MAX,dataType,NONE,MIN,0,MAX,59,dataType,INTEGER,,,,,,,,,
,,,sec,value,10,tableName,SYSTEM_MISC_RTC,method,GET,70,POST,71,access,GET,user,POST,user,socketFilter,0,flags,GET,32,POST,32,filter,MIN,MAX,dataType,NONE,MIN,0,MAX,59,dataType,INTEGER,,,,,,,,,
,,ftp-mode,value,1,tableName,SYSTEM_MISC,method,GET,72,POST,73,access,GET,user,POST,user,socketFilter,0,flags,GET,0,POST,0,filter,MIN,MAX,dataType,NONE,MIN,1,MAX,2,dataType,INTEGER,,,,,,,,,,
,,ftp-auth,value,SYSTEM_MISC_FTP-AUTH,tableName,SYSTEM_MISC,method,GET,87,POST,88,access,GET,admin,POST,admin,socketFilter,0,flags,GET,3,POST,3,array,username,password,END,,,,,,,,,,,,,,,,,
,,,username,value,username,tableName,SYSTEM_MISC_FTP-AUTH,method,GET,87,POST,88,access,GET,admin,POST,admin,socketFilter,1,flags,GET,1,POST,1,filter,dataType,NONE,dataType,STR,,,,,,,,,,,,,,,
,,,password,value,password,tableName,SYSTEM_MISC_FTP-AUTH,method,GET,87,POST,88,access,GET,admin,POST,admin,socketFilter,2,flags,GET,2,POST,2,filter,dataType,NONE,dataType,STR,,,,,,,,,,,,,,,
video,input,streams,value,2,tableName,VIDEO_INPUT,method,GET,101,access,GET,user,socketFilter,0,flags,GET,0,filter,dataType,NONE,dataType,INTEGER,,,,,,,,,,,,,,,,,,,,,,
,,resolution,value,1080p,tableName,VIDEO_INPUT,method,GET,102,access,GET,user,socketFilter,0,flags,GET,0,filter,dataType,NONE,dataType,STR,,,,,,,,,,,,,,,,,,,,,,
,,frame-rate,value,1,tableName,VIDEO_INPUT,method,GET,103,POST,124,access,GET,user,POST,user,socketFilter,0,flags,GET,0,POST,0,filter,MIN,MAX,dataType,NONE,MIN,0,MAX,1,dataType,INTEGER,,,,,,,,,,
,,valid-input,value,1,tableName,VIDEO_INPUT,method,GET,104,access,GET,user,socketFilter,0,flags,GET,0,filter,MIN,MAX,dataType,NONE,MIN,0,MAX,1,dataType,INTEGER,,,,,,,,,,,,,,,,
,,buffer-type,value,1,tableName,VIDEO_INPUT,method,GET,105,POST,106,access,GET,user,POST,user,socketFilter,0,flags,GET,0,POST,0,filter,MIN,MAX,dataType,NONE,MIN,0,MAX,1,dataType,INTEGER,,,,,,,,,,
,,buffer-delay,value,500,tableName,VIDEO_INPUT,method,GET,107,POST,108,access,GET,user,POST,user,socketFilter,0,flags,GET,0,POST,0,filter,MIN,MAX,dataType,NONE,MIN,1,MAX,200,dataType,INTEGER,,,,,,,,,,
,,es-rtp-mode,value,0,tableName,VIDEO_INPUT,method,GET,120,POST,121,access,GET,user,POST,user,socketFilter,0,flags,GET,0,POST,0,filter,MIN,MAX,dataType,NONE,MIN,0,MAX,1,dataType,INTEGER,,,,,,,,,,
,,enable-es-msg-auth,value,0,tableName,VIDEO_INPUT,method,GET,122,POST,123,access,GET,user,POST,user,socketFilter,0,flags,GET,0,POST,0,filter,MIN,MAX,dataType,NONE,MIN,0,MAX,1,dataType,INTEGER,,,,,,,,,,
,,hqll-mult-ip-addr,value,VIDEO_INPUT_HQLL-MULTI-IP-ADDR,tableName,VIDEO_INPUT,method,GET,109,POST,110,access,GET,user,POST,user,socketFilter,0,flags,GET,3,POST,3,array,ip-addr,port,END,,,,,,,,,,,,,,,,,
,,,ip-addr,value,0.0.0.0,tableName,VIDEO_INPUT_HQLL-MULTI-IP-ADDR,method,GET,109,POST,110,access,GET,user,POST,user,socketFilter,0,flags,GET,1,POST,1,filter,TYPE,dataType,NONE,TYPE,IPAddress,END,dataType,STR,,,,,,,,,,,
,,,port,value,0,tableName,VIDEO_INPUT_HQLL-MULTI-IP-ADDR,method,GET,109,POST,110,access,GET,user,POST,user,socketFilter,0,flags,GET,2,POST,2,filter,dataType,NONE,dataType,INTEGER,,,,,,,,,,,,,,,
,,es-mult-ip-addr,value,VIDEO_INPUT_ES-MULTI-IP-ADDR,tableName,VIDEO_INPUT,method,GET,111,POST,112,access,GET,user,POST,user,socketFilter,0,flags,GET,3,POST,3,array,ip-addr,port,END,,,,,,,,,,,,,,,,,
,,,ip-addr,value,0.0.0.0,tableName,VIDEO_INPUT_ES-MULTI-IP-ADDR,method,GET,111,POST,112,access,GET,user,POST,user,socketFilter,0,flags,GET,1,POST,1,filter,TYPE,dataType,NONE,TYPE,IPAddress,END,dataType,STR,,,,,,,,,,,
,,,port,value,0,tableName,VIDEO_INPUT_ES-MULTI-IP-ADDR,method,GET,111,POST,112,access,GET,user,POST,user,socketFilter,0,flags,GET,2,POST,2,filter,dataType,NONE,dataType,INTEGER,,,,,,,,,,,,,,,
,,mute,value,0,tableName,VIDEO_INPUT,method,GET,113,POST,114,access,GET,user,POST,user,socketFilter,0,flags,GET,0,POST,0,filter,MIN,MAX,dataType,NONE,MIN,0,MAX,1,dataType,INTEGER,,,,,,,,,,
,output,videos,value,1,tableName,VIDEO_OUTPUT,method,GET,115,access,GET,user,socketFilter,0,flags,GET,0,filter,LIST,dataType,NONE,LIST,0,1,END,dataType,INTEGER,,,,,,,,,,,,,,,,,
,,resolution,value,1080p,tableName,VIDEO_OUTPUT,method,GET,116,access,GET,user,socketFilter,0,flags,GET,0,filter,dataType,NONE,dataType,STR,,,,,,,,,,,,,,,,,,,,,,
,,cable-presence,value,0,tableName,VIDEO_INPUT,method,GET,117,access,GET,user,socketFilter,0,flags,GET,0,filter,LIST,dataType,NONE,LIST,0,1,END,dataType,INTEGER,,,,,,,,,,,,,,,,,
,,frame-rate,value,30,tableName,VIDEO_OUTPUT,method,GET,118,access,GET,user,socketFilter,0,flags,GET,0,filter,dataType,NONE,dataType,STR,,,,,,,,,,,,,,,,,,,,,,
,,edid,value,77AABBCCDDEEFF,tableName,VIDEO_OUTPUT,method,GET,119,access,GET,user,socketFilter,0,flags,GET,0,filter,dataType,NONE,dataType,STR,,,,,,,,,,,,,,,,,,,,,,
comp-layout,feature-enable,value,1,tableName,COMP-LAYOUT,method,GET,201,POST,202,access,GET,admin,POST,admin,socketFilter,0,flags,GET,0,POST,0,filter,MIN,MAX,dataType,NONE,MIN,0,MAX,1,dataType,INTEGER,,,,,,,,,,,
,available-layout,value,1,tableName,COMP-LAYOUT,method,GET,203,access,GET,user,socketFilter,0,flags,GET,0,filter,MIN,MAX,dataType,NONE,MIN,1,MAX,2,dataType,INTEGER,,,,,,,,,,,,,,,,,
,enable-pip,value,0,tableName,COMP-LAYOUT,method,GET,204,POST,205,access,GET,user,POST,user,socketFilter,0,flags,GET,0,POST,0,filter,MIN,MAX,dataType,NONE,MIN,0,MAX,1,dataType,INTEGER,,,,,,,,,,,
,pip-loc,value,COMP-LAYOUT_PIP-LOC,tableName,COMP-LAYOUT,method,GET,206,POST,207,access,GET,user,POST,user,socketFilter,0,flags,GET,3,POST,3,array,x-location,y-location,END,,,,,,,,,,,,,,,,,,
,,x-location,value,100,tableName,COMP-LAYOUT_PIP-LOC,method,GET,206,POST,207,access,GET,user,POST,user,socketFilter,0,flags,GET,1,POST,1,filter,MIN,MAX,dataType,NONE,MIN,0,MAX,1279,dataType,INTEGER,,,,,,,,,,
,,y-location,value,100,tableName,COMP-LAYOUT_PIP-LOC,method,GET,206,POST,207,access,GET,user,POST,user,socketFilter,0,flags,GET,2,POST,2,filter,MIN,MAX,dataType,NONE,MIN,0,MAX,719,dataType,INTEGER,,,,,,,,,,
,enable-pap,value,0,tableName,COMP-LAYOUT,method,GET,208,POST,209,access,GET,user,POST,user,socketFilter,0,flags,GET,0,POST,0,filter,MIN,MAX,dataType,NONE,MIN,0,MAX,1,dataType,INTEGER,,,,,,,,,,,
,swap-pap,value,0,tableName,COMP-LAYOUT,method,POST,210,access,POST,user,socketFilter,0,flags,POST,0,filter,LIST,dataType,NONE,LIST,0,1,END,dataType,INTEGER,,,,,,,,,,,,,,,,,,
overlay,feature-enable,value,1,tableName,OVERLAY,method,GET,301,POST,302,access,GET,admin,POST,admin,socketFilter,0,flags,GET,0,POST,0,filter,MIN,MAX,dataType,NONE,MIN,0,MAX,1,dataType,INTEGER,,,,,,,,,,,
,max-images,value,5,tableName,OVERLAY,method,GET,303,POST,304,access,GET,user,POST,admin,socketFilter,0,flags,GET,0,POST,0,filter,MIN,MAX,dataType,NONE,MIN,1,MAX,5,dataType,INTEGER,,,,,,,,,,,
,max-upload-images,value,8,tableName,OVERLAY,method,GET,305,POST,306,access,GET,user,POST,admin,socketFilter,0,flags,GET,0,POST,0,filter,MIN,MAX,dataType,NONE,MIN,1,MAX,8,dataType,INTEGER,,,,,,,,,,,
,enable,value,1,tableName,OVERLAY,method,GET,307,POST,308,access,GET,user,POST,user,socketFilter,0,flags,GET,0,POST,0,filter,MIN,MAX,dataType,NONE,MIN,0,MAX,1,dataType,INTEGER,,,,,,,,,,,
,upload-image,value,OVERLAY_IMAGE,tableName,OVERLAY,method,POST,309,access,POST,user,socketFilter,1,flags,POST,31,array,file-name,location,id,height,width,END,action,OVERLAY_UPLOAD,,,,,,,,,,,,,,,,,,,
,,file-name,value,filename,tableName,OVERLAY_IMAGE,method,POST,309,access,POST,user,socketFilter,1,flags,POST,1,filter,dataType,NONE,dataType,STR,action,OVERLAY_UPLOAD,,,,,,,,,,,,,,,,,,,,
,,location,value,location,tableName,OVERLAY_IMAGE,method,POST,309,access,POST,user,socketFilter,1,flags,POST,2,filter,dataType,NONE,dataType,STR,action,OVERLAY_UPLOAD,,,,,,,,,,,,,,,,,,,,
,,id,value,1,tableName,OVERLAY_IMAGE,method,POST,309,access,POST,user,socketFilter,1,flags,POST,4,filter,MIN,MAX,dataType,NONE,MIN,1,MAX,8,dataType,INTEGER,action,OVERLAY_UPLOAD,,,,,,,,,,,,,,
,,height,value,100,tableName,OVERLAY_IMAGE,method,POST,309,access,POST,user,socketFilter,1,flags,POST,8,filter,MIN,MAX,dataType,NONE,MIN,1,MAX,1079,dataType,INTEGER,action,OVERLAY_UPLOAD,,,,,,,,,,,,,,
,,width,value,100,tableName,OVERLAY_IMAGE,method,POST,309,access,POST,user,socketFilter,1,flags,POST,16,filter,MIN,MAX,dataType,NONE,MIN,1,MAX,1919,dataType,INTEGER,action,OVERLAY_UPLOAD,,,,,,,,,,,,,,
,upload-mute-image,value,OVERLAY_IMAGE,tableName,OVERLAY,method,POST,310,access,POST,user,socketFilter,1,flags,POST,15,array,file-name,location,height,width,END,action,OVERLAY_MUTE_UPLOAD,,,,,,,,,,,,,,,,,,,,
,,file-name,value,filename,tableName,OVERLAY_IMAGE,method,POST,310,access,POST,user,socketFilter,1,flags,POST,1,filter,dataType,NONE,dataType,STR,action,OVERLAY_MUTE_UPLOAD,,,,,,,,,,,,,,,,,,,,
,,location,value,location,tableName,OVERLAY_IMAGE,method,POST,310,access,POST,user,socketFilter,1,flags,POST,2,filter,dataType,NONE,dataType,STR,action,OVERLAY_MUTE_UPLOAD,,,,,,,,,,,,,,,,,,,,
,,height,value,100,tableName,OVERLAY_IMAGE,method,POST,310,access,POST,user,socketFilter,1,flags,POST,4,filter,MIN,MAX,NONE,MIN,1,MAX,1079,dataType,INTEGER,action,OVERLAY_MUTE_UPLOAD,,,,,,,,,,,,,,,
,,width,value,100,tableName,OVERLAY_IMAGE,method,POST,310,access,POST,user,socketFilter,1,flags,POST,8,filter,MIN,MAX,NONE,MIN,1,MAX,1919,dataType,INTEGER,action,OVERLAY_MUTE_UPLOAD,,,,,,,,,,,,,,,
,del-image,value,OVERLAY_DEL-IMAGE,tableName,OVERLAY,method,POST,311,access,POST,user,socketFilter,1,flags,POST,1,array,id,END,action,OVERLAY_DELETE,,,,,,,,,,,,,,,,,,,,,,,
,,id,value,ID001,tableName,OVERLAY_DEL-IMAGE,method,POST,311,access,POST,user,socketFilter,1,flags,POST,1,filter,dataType,NONE,dataType,STR,action,OVERLAY_DELETE,,,,,,,,,,,,,,,,,,,,
,1,image-params,value,OVERLAY_IMAGE,tableName,OVERLAY_1,method,GET,312,POST,313,access,GET,user,POST,user,socketFilter,1,flags,GET,63,POST,7,array,x-location,y-location,enable,END,action,OVERLAY_EDIT,,,,,,,,,,,,,,
,,,x-location,value,100,tableName,OVERLAY_IMAGE,method,GET,312,POST,313,access,GET,user,POST,user,socketFilter,1,flags,GET,1,POST,1,filter,MIN,MAX,TYPE,dataType,NONE,MIN,0,MAX,1919,TYPE,MULTIPLE2,END,dataType,INTEGER,action,OVERLAY_EDIT,,,
,,,y-location,value,100,tableName,OVERLAY_IMAGE,method,GET,312,POST,313,access,GET,user,POST,user,socketFilter,1,flags,GET,2,POST,2,filter,MIN,MAX,TYPE,dataType,NONE,MIN,0,MAX,1079,TYPE,MULTIPLE2,END,dataType,INTEGER,action,OVERLAY_EDIT,,,
,,,enable,value,0,tableName,OVERLAY_IMAGE,method,GET,312,POST,313,access,GET,user,POST,user,socketFilter,1,flags,GET,4,POST,4,filter,MIN,MAX,dataType,NONE,MIN,0,MAX,1,dataType,INTEGER,action,OVERLAY_EDIT,,,,,,,
,,,height,value,100,tableName,OVERLAY_IMAGE,method,GET,312,access,GET,user,socketFilter,1,flags,GET,8,filter,MIN,MAX,dataType,NONE,MIN,0,MAX,1079,dataType,INTEGER,action,OVERLAY_EDIT,,,,,,,,,,,,,
,,,width,value,100,tableName,OVERLAY_IMAGE,method,GET,312,access,GET,user,socketFilter,1,flags,GET,16,filter,MIN,MAX,dataType,NONE,MIN,0,MAX,1919,dataType,INTEGER,action,OVERLAY_EDIT,,,,,,,,,,,,,
,,,file-name,value,filename,tableName,OVERLAY_IMAGE,method,GET,312,access,GET,user,socketFilter,1,flags,GET,32,filter,dataType,NONE,dataType,STR,action,OVERLAY_EDIT,,,,,,,,,,,,,,,,,,,
,2,image-params,value,OVERLAY_IMAGE,tableName,OVERLAY_2,method,GET,314,POST,315,access,GET,user,POST,user,socketFilter,1,flags,GET,63,POST,7,array,x-location,y-location,enable,END,action,OVERLAY_EDIT,,,,,,,,,,,,,,
,,,x-location,value,100,tableName,OVERLAY_IMAGE,method,GET,314,POST,315,access,GET,user,POST,user,socketFilter,1,flags,GET,1,POST,1,filter,MIN,MAX,TYPE,dataType,NONE,MIN,0,MAX,1919,TYPE,MULTIPLE2,END,dataType,INTEGER,action,OVERLAY_EDIT,,,
,,,y-location,value,100,tableName,OVERLAY_IMAGE,method,GET,314,POST,315,access,GET,user,POST,user,socketFilter,1,flags,GET,2,POST,2,filter,MIN,MAX,TYPE,dataType,NONE,MIN,0,MAX,1079,TYPE,MULTIPLE2,END,dataType,INTEGER,action,OVERLAY_EDIT,,,
,,,enable,value,0,tableName,OVERLAY_IMAGE,method,GET,314,POST,315,access,GET,user,POST,user,socketFilter,1,flags,GET,4,POST,4,filter,MIN,MAX,dataType,NONE,MIN,0,MAX,1,dataType,INTEGER,action,OVERLAY_EDIT,,,,,,,
,,,height,value,100,tableName,OVERLAY_IMAGE,method,GET,314,access,GET,user,socketFilter,1,flags,GET,8,filter,MIN,MAX,dataType,NONE,MIN,0,MAX,1079,dataType,INTEGER,action,OVERLAY_EDIT,,,,,,,,,,,,,
,,,width,value,100,tableName,OVERLAY_IMAGE,method,GET,314,access,GET,user,socketFilter,1,flags,GET,16,filter,MIN,MAX,dataType,NONE,MIN,0,MAX,1919,dataType,INTEGER,action,OVERLAY_EDIT,,,,,,,,,,,,,
,,,file-name,value,filename,tableName,OVERLAY_IMAGE,method,GET,314,access,GET,user,socketFilter,1,flags,GET,32,filter,dataType,NONE,dataType,STR,action,OVERLAY_EDIT,,,,,,,,,,,,,,,,,,,
,3,image-params,value,OVERLAY_IMAGE,tableName,OVERLAY_3,method,GET,316,POST,317,access,GET,user,POST,user,socketFilter,1,flags,GET,63,POST,7,array,x-location,y-location,enable,END,action,OVERLAY_EDIT,,,,,,,,,,,,,,
,,,x-location,value,100,tableName,OVERLAY_IMAGE,method,GET,316,POST,317,access,GET,user,POST,user,socketFilter,1,flags,GET,1,POST,1,filter,MIN,MAX,TYPE,dataType,NONE,MIN,0,MAX,1919,TYPE,MULTIPLE2,END,dataType,INTEGER,action,OVERLAY_EDIT,,,
,,,y-location,value,100,tableName,OVERLAY_IMAGE,method,GET,316,POST,317,access,GET,user,POST,user,socketFilter,1,flags,GET,2,POST,2,filter,MIN,MAX,TYPE,dataType,NONE,MIN,0,MAX,1079,TYPE,MULTIPLE2,END,dataType,INTEGER,action,OVERLAY_EDIT,,,
,,,enable,value,0,tableName,OVERLAY_IMAGE,method,GET,316,POST,317,access,GET,user,POST,user,socketFilter,1,flags,GET,4,POST,4,filter,MIN,MAX,dataType,NONE,MIN,0,MAX,1,dataType,INTEGER,action,OVERLAY_EDIT,,,,,,,
,,,height,value,100,tableName,OVERLAY_IMAGE,method,GET,316,access,GET,user,socketFilter,1,flags,GET,8,filter,MIN,MAX,dataType,NONE,MIN,0,MAX,1079,dataType,INTEGER,action,OVERLAY_EDIT,,,,,,,,,,,,,
,,,width,value,100,tableName,OVERLAY_IMAGE,method,GET,316,access,GET,user,socketFilter,1,flags,GET,16,filter,MIN,MAX,dataType,NONE,MIN,0,MAX,1919,dataType,INTEGER,action,OVERLAY_EDIT,,,,,,,,,,,,,
,,,file-name,value,filename,tableName,OVERLAY_IMAGE,method,GET,316,access,GET,user,socketFilter,1,flags,GET,32,filter,dataType,NONE,dataType,STR,action,OVERLAY_EDIT,,,,,,,,,,,,,,,,,,,
,4,image-params,value,OVERLAY_IMAGE,tableName,OVERLAY_4,method,GET,318,POST,319,access,GET,user,POST,user,socketFilter,1,flags,GET,63,POST,7,array,x-location,y-location,enable,END,action,OVERLAY_EDIT,,,,,,,,,,,,,,
,,,x-location,value,100,tableName,OVERLAY_IMAGE,method,GET,318,POST,319,access,GET,user,POST,user,socketFilter,1,flags,GET,1,POST,1,filter,MIN,MAX,TYPE,dataType,NONE,MIN,0,MAX,1919,TYPE,MULTIPLE2,END,dataType,INTEGER,action,OVERLAY_EDIT,,,
,,,y-location,value,100,tableName,OVERLAY_IMAGE,method,GET,318,POST,319,access,GET,user,POST,user,socketFilter,1,flags,GET,2,POST,2,filter,MIN,MAX,TYPE,dataType,NONE,MIN,0,MAX,1079,TYPE,MULTIPLE2,END,dataType,INTEGER,action,OVERLAY_EDIT,,,
,,,enable,value,0,tableName,OVERLAY_IMAGE,method,GET,318,POST,319,access,GET,user,POST,user,socketFilter,1,flags,GET,4,POST,4,filter,MIN,MAX,dataType,NONE,MIN,0,MAX,1,dataType,INTEGER,action,OVERLAY_EDIT,,,,,,,
,,,height,value,100,tableName,OVERLAY_IMAGE,method,GET,318,access,GET,user,socketFilter,1,flags,GET,8,filter,MIN,MAX,dataType,NONE,MIN,0,MAX,1079,dataType,INTEGER,action,OVERLAY_EDIT,,,,,,,,,,,,,
,,,width,value,100,tableName,OVERLAY_IMAGE,method,GET,318,access,GET,user,socketFilter,1,flags,GET,16,filter,MIN,MAX,dataType,NONE,MIN,0,MAX,1919,dataType,INTEGER,action,OVERLAY_EDIT,,,,,,,,,,,,,
,,,file-name,value,filename,tableName,OVERLAY_IMAGE,method,GET,318,access,GET,user,socketFilter,1,flags,GET,32,filter,dataType,NONE,dataType,STR,action,OVERLAY_EDIT,,,,,,,,,,,,,,,,,,,
,5,image-params,value,OVERLAY_IMAGE,tableName,OVERLAY_5,method,GET,320,POST,321,access,GET,user,POST,user,socketFilter,1,flags,GET,63,POST,7,array,x-location,y-location,enable,END,action,OVERLAY_EDIT,,,,,,,,,,,,,,
,,,x-location,value,100,tableName,OVERLAY_IMAGE,method,GET,320,POST,321,access,GET,user,POST,user,socketFilter,1,flags,GET,1,POST,1,filter,MIN,MAX,TYPE,dataType,NONE,MIN,0,MAX,1919,TYPE,MULTIPLE2,END,dataType,INTEGER,action,OVERLAY_EDIT,,,
,,,y-location,value,100,tableName,OVERLAY_IMAGE,method,GET,320,POST,321,access,GET,user,POST,user,socketFilter,1,flags,GET,2,POST,2,filter,MIN,MAX,TYPE,dataType,NONE,MIN,0,MAX,1079,TYPE,MULTIPLE2,END,dataType,INTEGER,action,OVERLAY_EDIT,,,
,,,enable,value,0,tableName,OVERLAY_IMAGE,method,GET,320,POST,321,access,GET,user,POST,user,socketFilter,1,flags,GET,4,POST,4,filter,MIN,MAX,dataType,NONE,MIN,0,MAX,1,dataType,INTEGER,action,OVERLAY_EDIT,,,,,,,
,,,height,value,100,tableName,OVERLAY_IMAGE,method,GET,320,access,GET,user,socketFilter,1,flags,GET,8,filter,MIN,MAX,dataType,NONE,MIN,0,MAX,1079,dataType,INTEGER,action,OVERLAY_EDIT,,,,,,,,,,,,,
,,,width,value,100,tableName,OVERLAY_IMAGE,method,GET,320,access,GET,user,socketFilter,1,flags,GET,16,filter,MIN,MAX,dataType,NONE,MIN,0,MAX,1919,dataType,INTEGER,action,OVERLAY_EDIT,,,,,,,,,,,,,
,,,file-name,value,filename,tableName,OVERLAY_IMAGE,method,GET,320,access,GET,user,socketFilter,1,flags,GET,32,filter,dataType,NONE,dataType,STR,action,OVERLAY_EDIT,,,,,,,,,,,,,,,,,,,
,6,image-params,value,OVERLAY_IMAGE,tableName,OVERLAY_6,method,GET,322,POST,323,access,GET,user,POST,user,socketFilter,1,flags,GET,63,POST,7,array,x-location,y-location,enable,END,action,OVERLAY_EDIT,,,,,,,,,,,,,,
,,,x-location,value,100,tableName,OVERLAY_IMAGE,method,GET,322,POST,323,access,GET,user,POST,user,socketFilter,1,flags,GET,1,POST,1,filter,MIN,MAX,TYPE,dataType,NONE,MIN,0,MAX,1919,TYPE,MULTIPLE2,END,dataType,INTEGER,action,OVERLAY_EDIT,,,
,,,y-location,value,100,tableName,OVERLAY_IMAGE,method,GET,322,POST,323,access,GET,user,POST,user,socketFilter,1,flags,GET,2,POST,2,filter,MIN,MAX,TYPE,dataType,NONE,MIN,0,MAX,1079,TYPE,MULTIPLE2,END,dataType,INTEGER,action,OVERLAY_EDIT,,,
,,,enable,value,0,tableName,OVERLAY_IMAGE,method,GET,322,POST,323,access,GET,user,POST,user,socketFilter,1,flags,GET,4,POST,4,filter,MIN,MAX,dataType,NONE,MIN,0,MAX,1,dataType,INTEGER,action,OVERLAY_EDIT,,,,,,,
,,,height,value,100,tableName,OVERLAY_IMAGE,method,GET,322,access,GET,user,socketFilter,1,flags,GET,8,filter,MIN,MAX,dataType,NONE,MIN,0,MAX,1079,dataType,INTEGER,action,OVERLAY_EDIT,,,,,,,,,,,,,
,,,width,value,100,tableName,OVERLAY_IMAGE,method,GET,322,access,GET,user,socketFilter,1,flags,GET,16,filter,MIN,MAX,dataType,NONE,MIN,0,MAX,1919,dataType,INTEGER,action,OVERLAY_EDIT,,,,,,,,,,,,,
,,,file-name,value,filename,tableName,OVERLAY_IMAGE,method,GET,322,access,GET,user,socketFilter,1,flags,GET,32,filter,dataType,NONE,dataType,STR,action,OVERLAY_EDIT,,,,,,,,,,,,,,,,,,,
,7,image-params,value,OVERLAY_IMAGE,tableName,OVERLAY_7,method,GET,324,POST,325,access,GET,user,POST,user,socketFilter,1,flags,GET,63,POST,7,array,x-location,y-location,enable,END,action,OVERLAY_EDIT,,,,,,,,,,,,,,
,,,x-location,value,100,tableName,OVERLAY_IMAGE,method,GET,324,POST,325,access,GET,user,POST,user,socketFilter,1,flags,GET,1,POST,1,filter,MIN,MAX,TYPE,dataType,NONE,MIN,0,MAX,1919,TYPE,MULTIPLE2,END,dataType,INTEGER,action,OVERLAY_EDIT,,,
,,,y-location,value,100,tableName,OVERLAY_IMAGE,method,GET,324,POST,325,access,GET,user,POST,user,socketFilter,1,flags,GET,2,POST,2,filter,MIN,MAX,TYPE,dataType,NONE,MIN,0,MAX,1079,TYPE,MULTIPLE2,END,dataType,INTEGER,action,OVERLAY_EDIT,,,
,,,enable,value,0,tableName,OVERLAY_IMAGE,method,GET,324,POST,325,access,GET,user,POST,user,socketFilter,1,flags,GET,4,POST,4,filter,MIN,MAX,dataType,NONE,MIN,0,MAX,1,dataType,INTEGER,action,OVERLAY_EDIT,,,,,,,
,,,height,value,100,tableName,OVERLAY_IMAGE,method,GET,324,access,GET,user,socketFilter,1,flags,GET,8,filter,MIN,MAX,dataType,NONE,MIN,0,MAX,1079,dataType,INTEGER,action,OVERLAY_EDIT,,,,,,,,,,,,,
,,,width,value,100,tableName,OVERLAY_IMAGE,method,GET,324,access,GET,user,socketFilter,1,flags,GET,16,filter,MIN,MAX,dataType,NONE,MIN,0,MAX,1919,dataType,INTEGER,action,OVERLAY_EDIT,,,,,,,,,,,,,
,,,file-name,value,filename,tableName,OVERLAY_IMAGE,method,GET,324,access,GET,user,socketFilter,1,flags,GET,32,filter,dataType,NONE,dataType,STR,action,OVERLAY_EDIT,,,,,,,,,,,,,,,,,,,
,8,image-params,value,OVERLAY_IMAGE,tableName,OVERLAY_8,method,GET,326,POST,327,access,GET,user,POST,user,socketFilter,1,flags,GET,63,POST,7,array,x-location,y-location,enable,END,action,OVERLAY_EDIT,,,,,,,,,,,,,,
,,,x-location,value,100,tableName,OVERLAY_IMAGE,method,GET,326,POST,327,access,GET,user,POST,user,socketFilter,1,flags,GET,1,POST,1,filter,MIN,MAX,TYPE,dataType,NONE,MIN,0,MAX,1919,TYPE,MULTIPLE2,END,dataType,INTEGER,action,OVERLAY_EDIT,,,
,,,y-location,value,100,tableName,OVERLAY_IMAGE,method,GET,326,POST,327,access,GET,user,POST,user,socketFilter,1,flags,GET,2,POST,2,filter,MIN,MAX,TYPE,dataType,NONE,MIN,0,MAX,1079,TYPE,MULTIPLE2,END,dataType,INTEGER,action,OVERLAY_EDIT,,,
,,,enable,value,0,tableName,OVERLAY_IMAGE,method,GET,326,POST,327,access,GET,user,POST,user,socketFilter,1,flags,GET,4,POST,4,filter,MIN,MAX,dataType,NONE,MIN,0,MAX,1,dataType,INTEGER,action,OVERLAY_EDIT,,,,,,,
,,,height,value,100,tableName,OVERLAY_IMAGE,method,GET,326,access,GET,user,socketFilter,1,flags,GET,8,filter,MIN,MAX,dataType,NONE,MIN,0,MAX,1079,dataType,INTEGER,action,OVERLAY_EDIT,,,,,,,,,,,,,
,,,width,value,100,tableName,OVERLAY_IMAGE,method,GET,326,access,GET,user,socketFilter,1,flags,GET,16,filter,MIN,MAX,dataType,NONE,MIN,0,MAX,1919,dataType,INTEGER,action,OVERLAY_EDIT,,,,,,,,,,,,,
,,,file-name,value,filename,tableName,OVERLAY_IMAGE,method,GET,326,access,GET,user,socketFilter,1,flags,GET,32,filter,dataType,NONE,dataType,STR,action,OVERLAY_EDIT,,,,,,,,,,,,,,,,,,,
,video-mute-image-params,value,OVERLAY_IMAGE,tableName,OVERLAY,method,GET,328,POST,329,access,GET,user,POST,user,socketFilter,1,flags,GET,15,POST,3,array,x-location,y-location,END,action,OVERLAY_MUTE_EDIT,,,,,,,,,,,,,,,,
,,x-location,value,100,tableName,OVERLAY_IMAGE,method,GET,328,POST,329,access,GET,user,POST,user,socketFilter,1,flags,GET,1,POST,1,filter,MIN,MAX,TYPE,dataType,NONE,MIN,0,MAX,1919,TYPE,MULTIPLE2,END,dataType,INTEGER,action,OVERLAY_MUTE_EDIT,,,,
,,y-location,value,100,tableName,OVERLAY_IMAGE,method,GET,328,POST,329,access,GET,user,POST,user,socketFilter,1,flags,GET,2,POST,2,filter,MIN,MAX,TYPE,dataType,NONE,MIN,0,MAX,1079,TYPE,MULTIPLE2,END,dataType,INTEGER,action,OVERLAY_MUTE_EDIT,,,,
,,height,value,100,tableName,OVERLAY_IMAGE,method,GET,328,access,GET,user,socketFilter,1,flags,GET,4,filter,MIN,MAX,dataType,NONE,MIN,0,MAX,1079,dataType,INTEGER,action,OVERLAY_MUTE_EDIT,,,,,,,,,,,,,,
,,width,value,100,tableName,OVERLAY_IMAGE,method,GET,328,access,GET,user,socketFilter,1,flags,GET,8,filter,MIN,MAX,dataType,NONE,MIN,1,MAX,1919,dataType,INTEGER,action,OVERLAY_MUTE_EDIT,,,,,,,,,,,,,,
audio,input,valid-input,value,1,tableName,AUDIO_INPUT,method,GET,401,access,GET,user,socketFilter,0,flags,GET,0,POST,0,filter,MIN,MAX,dataType,NONE,MIN,0,MAX,1,dataType,INTEGER,,,,,,,,,,,,,,
,,enable-rx,value,1,tableName,AUDIO_INPUT,method,GET,402,POST,403,access,GET,user,POST,user,socketFilter,0,flags,GET,0,POST,0,filter,MIN,MAX,dataType,NONE,MIN,0,MAX,1,dataType,INTEGER,,,,,,,,,,
,,fine-gain,value,2,tableName,AUDIO_INPUT,method,GET,404,POST,405,access,GET,user,POST,user,socketFilter,0,flags,GET,0,POST,0,filter,dataType,NONE,dataType,INTEGER,,,,,,,,,,,,,,,,
,,coarse-gain,value,25,tableName,AUDIO_INPUT,method,GET,406,POST,407,access,GET,user,POST,user,socketFilter,0,flags,GET,0,POST,0,filter,MIN,MAX,dataType,NONE,MIN,0,MAX,8,dataType,INTEGER,,,,,,,,,,
,,mute,value,0,tableName,AUDIO_INPUT,method,GET,408,POST,409,access,GET,user,POST,user,socketFilter,0,flags,GET,0,POST,0,filter,MIN,MAX,dataType,NONE,MIN,0,MAX,1,dataType,INTEGER,,,,,,,,,,
,,loopback,value,0,tableName,AUDIO_INPUT,method,GET,410,POST,411,access,GET,user,POST,user,socketFilter,0,flags,GET,0,POST,0,filter,MIN,MAX,dataType,NONE,MIN,0,MAX,1,dataType,INTEGER,,,,,,,,,,
,,rx-mult-ip-addr,value,AUDIO_INPUT_RX-MULT-IP-ADDR,tableName,AUDIO_INPUT,method,GET,412,POST,413,access,GET,user,POST,user,socketFilter,0,flags,GET,3,POST,3,array,ip-addr,port,END,,,,,,,,,,,,,,,,,
,,,ip-addr,value,0.0.0.0,tableName,AUDIO_INPUT_RX-MULT-IP-ADDR,method,GET,412,POST,413,access,GET,user,POST,user,socketFilter,0,flags,GET,1,POST,1,filter,TYPE,dataType,NONE,TYPE,IPAddress,END,dataType,STR,,,,,,,,,,,
,,,port,value,0,tableName,AUDIO_INPUT_RX-MULT-IP-ADDR,method,GET,412,POST,413,access,GET,user,POST,user,socketFilter,0,flags,GET,2,POST,2,filter,dataType,NONE,dataType,INTEGER,,,,,,,,,,,,,,,
,output,enable-tx,value,1,tableName,AUDIO_OUTPUT,method,GET,414,POST,415,access,GET,user,POST,user,socketFilter,0,flags,GET,0,POST,0,filter,MIN,MAX,dataType,NONE,MIN,0,MAX,1,dataType,INTEGER,,,,,,,,,,
,,tx-mult-ip-addr,value,AUDIO_OUTPUT_TX-MULT-IP-ADDR,tableName,AUDIO_OUTPUT,method,GET,416,POST,417,access,GET,user,POST,user,socketFilter,0,flags,GET,3,POST,3,array,ip-addr,port,END,,,,,,,,,,,,,,,,,
,,,ip-addr,value,0.0.0.0,tableName,AUDIO_OUTPUT_TX-MULT-IP-ADDR,method,GET,416,POST,417,access,GET,user,POST,user,socketFilter,0,flags,GET,1,POST,1,filter,TYPE,dataType,NONE,TYPE,IPAddress,END,dataType,STR,,,,,,,,,,,
,,,port,value,0,tableName,AUDIO_OUTPUT_TX-MULT-IP-ADDR,method,GET,416,POST,417,access,GET,user,POST,user,socketFilter,0,flags,GET,2,POST,2,filter,dataType,NONE,dataType,INTEGER,,,,,,,,,,,,,,,
,,fine-gain,value,2,tableName,AUDIO_OUTPUT,method,GET,418,POST,419,access,GET,user,POST,user,socketFilter,0,flags,GET,0,POST,0,filter,MIN,MAX,dataType,NONE,MIN,0,MAX,7,dataType,INTEGER,,,,,,,,,,
,,coarse-gain,value,25,tableName,AUDIO_OUTPUT,method,GET,420,POST,421,access,GET,user,POST,user,socketFilter,0,flags,GET,0,POST,0,filter,MIN,MAX,dataType,NONE,MIN,0,MAX,31,dataType,INTEGER,,,,,,,,,,
,,mute,value,0,tableName,AUDIO_OUTPUT,method,GET,422,POST,423,access,GET,user,POST,user,socketFilter,0,flags,GET,0,POST,0,filter,MIN,MAX,dataType,NONE,MIN,0,MAX,1,dataType,INTEGER,,,,,,,,,,
,,fade,value,0,tableName,AUDIO_OUTPUT,method,GET,424,POST,425,access,GET,user,POST,user,socketFilter,0,flags,GET,0,POST,0,filter,MIN,MAX,dataType,NONE,MIN,0,MAX,1,dataType,INTEGER,,,,,,,,,,
kvm,feature-enable,value,1,tableName,KVM,method,GET,501,POST,502,access,GET,admin,POST,admin,socketFilter,0,flags,GET,0,POST,0,filter,MIN,MAX,dataType,NONE,MIN,0,MAX,1,dataType,INTEGER,,,,,,,,,,,
,usb-link-status,value,1,tableName,KVM,method,GET,503,access,GET,user,socketFilter,0,flags,GET,0,filter,LIST,dataType,NONE,LIST,0,1,END,dataType,INTEGER,,,,,,,,,,,,,,,,,,
,enable,value,0,tableName,KVM,method,GET,504,POST,505,access,GET,user,POST,user,socketFilter,0,flags,GET,0,POST,0,filter,MIN,MAX,dataType,NONE,MIN,0,MAX,1,dataType,INTEGER,,,,,,,,,,,
,encoder,value,192.168.1.15,tableName,KVM,method,GET,506,POST,507,access,GET,user,POST,user,socketFilter,0,flags,GET,0,POST,0,filter,TYPE,dataType,NONE,TYPE,IPAddress,END,dataType,STR,,,,,,,,,,,,,
,ssh-auth,value,KVM_SSH-AUTH,tableName,KVM,method,GET,512,POST,513,access,GET,admin,POST,admin,socketFilter,0,flags,GET,3,POST,3,array,username,password,END,,,,,,,,,,,,,,,,,,
,,username,value,root,tableName,KVM_SSH-AUTH,method,GET,512,POST,513,access,GET,admin,POST,admin,socketFilter,1,flags,GET,1,POST,1,filter,dataType,NONE,dataType,STR,,,,,,,,,,,,,,,,
,,password,value,root123,tableName,KVM_SSH-AUTH,method,GET,512,POST,513,access,GET,admin,POST,admin,socketFilter,2,flags,GET,2,POST,2,filter,dataType,NONE,dataType,STR,,,,,,,,,,,,,,,,
,default-ssh-auth,value,KVM_DEFAULT-SSH-AUTH,tableName,KVM,method,GET,514,POST,515,access,GET,admin,POST,admin,socketFilter,0,flags,GET,3,POST,3,array,username,password,END,,,,,,,,,,,,,,,,,,
,,username,value,root,tableName,KVM_DEFAULT-SSH-AUTH,method,GET,514,POST,515,access,GET,admin,POST,admin,socketFilter,1,flags,GET,1,POST,1,filter,dataType,NONE,dataType,STR,,,,,,,,,,,,,,,,
,,password,value,root123,tableName,KVM_DEFAULT-SSH-AUTH,method,GET,514,POST,515,access,GET,admin,POST,admin,socketFilter,2,flags,GET,2,POST,2,filter,dataType,NONE,dataType,STR,,,,,,,,,,,,,,,,
,default-encoder,value,192.168.1.16,tableName,KVM,method,GET,508,POST,509,access,GET,user,POST,user,socketFilter,0,flags,GET,0,POST,0,filter,TYPE,dataType,NONE,TYPE,IPAddress,END,dataType,STR,,,,,,,,,,,,,
,key-code,value,0x1 0x6,tableName,KVM,method,GET,510,POST,511,access,GET,user,POST,user,socketFilter,0,flags,GET,0,POST,0,filter,dataType,NONE,dataType,STR,,,,,,,,,,,,,,,,,
rs232,feature-enable,value,1,tableName,RS232,method,GET,601,POST,602,access,GET,admin,POST,admin,socketFilter,0,flags,GET,0,POST,0,filter,LIST,dataType,NONE,LIST,0,1,END,dataType,INTEGER,,,,,,,,,,,,
,get-devices,value,1,tableName,RS232,method,GET,603,access,GET,user,socketFilter,0,flags,GET,0,filter,dataType,NONE,dataType,STR,,,,,,,,,,,,,,,,,,,,,,,
,0,open-connection,value,TTY0,tableName,RS232_0,method,POST,604,access,POST,user,socketFilter,0,flags,POST,0,filter,LIST,dataType,NONE,LIST,0,1,END,dataType,INTEGER,,,,,,,,,,,,,,,,,
,,close-connection,value,TTY1,tableName,RS232_0,method,POST,605,access,POST,user,socketFilter,0,flags,POST,0,filter,LIST,dataType,NONE,LIST,0,1,END,dataType,INTEGER,,,,,,,,,,,,,,,,,
,,flush,value,TTY2,tableName,RS232_0,method,POST,606,access,POST,user,socketFilter,0,flags,POST,0,filter,LIST,dataType,NONE,LIST,0,1,END,dataType,INTEGER,,,,,,,,,,,,,,,,,
,,params,value,RS232_0_PARAMS,tableName,RS232_0,method,GET,607,POST,608,access,GET,user,POST,user,socketFilter,0,flags,GET,31,POST,31,array,baud-rate,data-bits,parity,stop-bit,flow-control,END,,,,,,,,,,,,,,
,,,baud-rate,value,115200,tableName,RS232_0_PARAMS,method,GET,607,POST,608,access,GET,user,POST,user,socketFilter,0,flags,GET,1,POST,1,filter,LIST,dataType,NONE,LIST,300,600,1200,1800,2400,4800,9600,19200,38400,57600,115200,230400,END,dataType,INTEGER
,,,data-bits,value,8,tableName,RS232_0_PARAMS,method,GET,607,POST,608,access,GET,user,POST,user,socketFilter,0,flags,GET,2,POST,2,filter,MIN,MAX,dataType,NONE,MIN,5,MAX,8,dataType,INTEGER,,,,,,,,,
,,,parity,value,Even,tableName,RS232_0_PARAMS,method,GET,607,POST,608,access,GET,user,POST,user,socketFilter,0,flags,GET,4,POST,4,filter,LIST,dataType,NONE,LIST,Even,Odd,None,Mark,Space,END,dataType,STR,,,,,,,
,,,stop-bit,value,1,tableName,RS232_0_PARAMS,method,GET,607,POST,608,access,GET,user,POST,user,socketFilter,0,flags,GET,8,POST,8,filter,LIST,dataType,NONE,LIST,1,1.5,2,END,dataType,DOUBLE,,,,,,,,,
,,,flow-control,value,Hardware,tableName,RS232_0_PARAMS,method,GET,607,POST,608,access,GET,user,POST,user,socketFilter,0,flags,GET,16,POST,16,filter,LIST,dataType,NONE,LIST,Xon,Xoff,Hardware,None,END,dataType,STR,,,,,,,,
,,send,value,TTY0,tableName,RS232_0,method,POST,609,access,POST,user,socketFilter,0,flags,POST,0,filter,dataType,NONE,dataType,STR,,,,,,,,,,,,,,,,,,,,,,
,,data-in-notification,value,0,tableName,RS232_0,method,GET,610,POST,611,access,GET,user,POST,user,socketFilter,0,flags,GET,0,POST,0,filter,LIST,dataType,NONE,LIST,0,1,END,dataType,INTEGER,,,,,,,,,,,
,,read-existing,value,database_name,tableName,RS232_0,method,GET,612,access,GET,user,socketFilter,0,flags,GET,0,filter,dataType,NONE,dataType,STR,,,,,,,,,,,,,,,,,,,,,,
,,read-line,value,database_name,tableName,RS232_0,method,GET,613,access,GET,user,socketFilter,0,flags,GET,0,filter,dataType,NONE,dataType,STR,,,,,,,,,,,,,,,,,,,,,,
fpga-registers,value,0,tableName,FPGA-REGISTERS,method,GET,701,POST,702,access,GET,user,POST,user,socketFilter,1,flags,GET,0,POST,0,filter,dataType,NONE,action,FPGA_REGISTER,socketAction,FPGA_REGISTER,dataType,STR,,,,,,,,,,,,,,
i2c-registers,value,66H,tableName,I2C-REGISTERS,method,GET,801,POST,802,access,GET,user,POST,user,socketFilter,1,flags,GET,0,POST,0,filter,dataType,NONE,action,I2C_REGISTER,socketAction,I2C_REGISTER,dataType,STR,,,,,,,,,,,,,,
