system,firmware,fpga-version,value,1v0,tableName,SYSTEM_FIRMWARE,method,GET,1,access,user,socketFilter,0,filter,NONE,,,,,,,,,,,,,,,,,,,,,,,,
,,processor-version,value,1v1,tableName,SYSTEM_FIRMWARE,method,GET,2,access,user,socketFilter,0,filter,NONE,,,,,,,,,,,,,,,,,,,,,,,,
,,processor-field-upgrade,value,Dsp-image-name,tableName,SYSTEM_FIRMWARE,method,POST,3,access,user,socketFilter,0,filter,NONE,,,,,,,,,,,,,,,,,,,,,,,,
,,fpga-field-upgrade,value,Fpga-image-name,tableName,SYSTEM_FIRMWARE,method,POST,4,access,user,socketFilter,0,filter,NONE,,,,,,,,,,,,,,,,,,,,,,,,
,,fpga-upgrade-status,value,0,tableName,SYSTEM_FIRMWARE,method,GET,5,access,user,socketFilter,0,filter,NONE,,,,,,,,,,,,,,,,,,,,,,,,
,,processor-upgrade-status,value,0,tableName,SYSTEM_FIRMWARE,method,GET,6,access,user,socketFilter,0,filter,NONE,,,,,,,,,,,,,,,,,,,,,,,,
,,switch,value,1,tableName,SYSTEM_FIRMWARE,method,POST,7,access,user,socketFilter,0,filter,NONE,,,,,,,,,,,,,,,,,,,,,,,,
,,serial-no,value,AAA1BBB2CCC3DDD4,tableName,SYSTEM_FIRMWARE,method,GET,8,POST,9,access,admin,socketFilter,0,filter,TYPE,NONE,TYPE,Digits16,AlphaNum,,,,,,,,,,,,,,,,,,
,network,ip-settings,value,192.168.0.1,tableName,SYSTEM_NETWORK_IP-SETTINGS,method,GET,10,POST,11,access,user,socketFilter,0,array,ip-addr,subnet-mask,gateway,END,getArray,10,12,14,END,postArray,11,13,15,END,,,,,,,,,
,,,ip-addr,value,192.168.0.1,tableName,SYSTEM_NETWORK_IP-SETTINGS,method,GET,12,POST,13,access,user,socketFilter,0,filter,TYPE,NONE,TYPE,IPAddress,,,,,,,,,,,,,,,,,,
,,,subnet-mask,value,255.255.255.0,tableName,SYSTEM_NETWORK_IP-SETTINGS,method,GET,14,POST,15,access,user,socketFilter,0,filter,TYPE,NONE,TYPE,IPAddress,,,,,,,,,,,,,,,,,,
,,,gateway,value,0.0.0.0,tableName,SYSTEM_NETWORK_IP-SETTINGS,method,GET,16,POST,17,access,user,socketFilter,0,filter,TYPE,NONE,TYPE,IPAddress,,,,,,,,,,,,,,,,,,
,,tos,value,7,tableName,SYSTEM_NETWORK,method,GET,18,POST,19,access,user,socketFilter,0,filter,MIN,MAX,NONE,MIN,0,MAX,7,,,,,,,,,,,,,,,,
,,mtu-size,value,1500,tableName,SYSTEM_NETWORK,method,GET,20,POST,21,access,user,socketFilter,0,filter,MIN,MAX,NONE,MIN,64,MAX,1500,,,,,,,,,,,,,,,,
,,mode,value,1,tableName,SYSTEM_NETWORK,method,GET,22,POST,23,access,user,socketFilter,0,filter,LIST,NONE,LIST,1,2,3,4,END,,,,,,,,,,,,,,,
,,notify-ip-addr,value,192.168.0.77,tableName,SYSTEM_NETWORK,method,GET,0,POST,0,access,user,socketFilter,0,filter,TYPE,NONE,TYPE,IPAddress,action,NOTIFY_IPADDRESS,,,,,,,,,,,,,,,,,
,,port,value,9999,tableName,SYSTEM_NETWORK,method,GET,0,POST,0,access,user,socketFilter,0,filter,NONE,action,NOTIFY_PORT,,,,,,,,,,,,,,,,,,,,
,diagnostics,hw-status,value,1,tableName,SYSTEM_DIAGNOSTICS,method,GET,28,access,user,socketFilter,0,filter,NONE,,,,,,,,,,,,,,,,,,,,,,,,
,,temperature,value,25,tableName,SYSTEM_DIAGNOSTICS,method,GET,29,access,user,socketFilter,0,filter,NONE,,,,,,,,,,,,,,,,,,,,,,,,
,,device-log,value,SUCCESS,tableName,SYSTEM_DIAGNOSTICS,method,GET,30,access,user,socketFilter,0,filter,NONE,,,,,,,,,,,,,,,,,,,,,,,,
,,device-log-level,value,7,tableName,SYSTEM_DIAGNOSTICS,method,GET,31,POST,32,access,admin,socketFilter,0,filter,MIN,MAX,NONE,MIN,0,MAX,7,,,,,,,,,,,,,,,,
,,device-log-facility,value,1,tableName,SYSTEM_DIAGNOSTICS,method,GET,33,POST,34,access,admin,socketFilter,0,filter,MIN,MAX,NONE,MIN,0,MAX,3,,,,,,,,,,,,,,,,
,,dev-log-ip-addr,value,192.168.0.88,tableName,SYSTEM_DIAGNOSTICS,method,GET,35,POST,36,access,admin,socketFilter,0,filter,TYPE,NONE,TYPE,IPAddress,,,,,,,,,,,,,,,,,,,
,splash-scrn,enable,value,0,tableName,SYSTEM_SPLASH-SCRN,method,GET,37,POST,38,access,admin,socketFilter,0,filter,MIN,MAX,NONE,MIN,0,MAX,1,,,,,,,,,,,,,,,,
,,upload,value,image.jpg,tableName,SYSTEM_SPLASH-SCRN,method,POST,39,access,user,socketFilter,0,filter,NONE,,,,,,,,,,,,,,,,,,,,,,,,
,,get-name,value,image.jpg,tableName,SYSTEM_SPLASH-SCRN,method,GET,40,access,user,socketFilter,0,filter,NONE,,,,,,,,,,,,,,,,,,,,,,,,
,reset,soft-reset,value,1,tableName,SYSTEM_RESET,method,POST,41,access,user,socketFilter,0,filter,LIST,NONE,LIST,1,END,,,,,,,,,,,,,,,,,,,,
,,configuration-reset,value,1,tableName,SYSTEM_RESET,method,POST,42,access,user,socketFilter,0,filter,LIST,NONE,LIST,1,END,,,,,,,,,,,,,,,,,,,,
,,factory-reset,value,1,tableName,SYSTEM_RESET,method,POST,43,access,user,socketFilter,0,filter,LIST,NONE,LIST,1,END,,,,,,,,,,,,,,,,,,,,
,reboot,value,1,tableName,SYSTEM,method,POST,44,access,admin,socketFilter,0,filter,LIST,NONE,LIST,1,END,,,,,,,,,,,,,,,,,,,,,
,authentication,admin,value,admin,tableName,SYSTEM_AUTHENTICATION,method,POST,0,access,admin,socketFilter,1,filter,NONE,action,ADMIN_NAME,,,,,,,,,,,,,,,,,,,,,,
,,admin-pwd,value,Admin#1234,tableName,SYSTEM_AUTHENTICATION,method,POST,0,access,user,socketFilter,1,filter,NONE,action,ADMIN_PWD,,,,,,,,,,,,,,,,,,,,,,
,,user,value,ks,tableName,SYSTEM_AUTHENTICATION,method,POST,0,access,user,socketFilter,1,filter,NONE,action,USER_NAME,,,,,,,,,,,,,,,,,,,,,,
,,user-pwd,value,User#1234,tableName,SYSTEM_AUTHENTICATION,method,POST,0,access,user,socketFilter,1,filter,NONE,action,USER_PWD,,,,,,,,,,,,,,,,,,,,,,
,identification,id,value,DECODER001,tableName,SYSTEM_IDENTIFICATION,method,GET,45,access,user,socketFilter,0,filter,NONE,,,,,,,,,,,,,,,,,,,,,,,,
,video-mode,enable-3d,value,0,tableName,SYSTEM_VIDEO-MODE,method,GET,46,POST,47,access,admin,socketFilter,0,filter,MIN,MAX,NONE,MIN,0,MAX,1,,,,,,,,,,,,,,,,
,config-file,upload,value,config.csv,tableName,SYSTEM_CONFIG-FILE,method,GET,48,access,user,socketFilter,0,filter,NONE,,,,,,,,,,,,,,,,,,,,,,,,
,,download,value,SUCCESS,tableName,SYSTEM_CONFIG-FILE,method,POST,49,access,user,socketFilter,0,filter,NONE,,,,,,,,,,,,,,,,,,,,,,,,
,,delete,value,config.csv,tableName,SYSTEM_CONFIG-FILE,method,POST,50,access,user,socketFilter,0,filter,NONE,,,,,,,,,,,,,,,,,,,,,,,,
,,update,value,1,tableName,SYSTEM_CONFIG-FILE,method,POST,51,access,user,socketFilter,0,filter,NONE,,,,,,,,,,,,,,,,,,,,,,,,
,misc,board-type,value,11,tableName,SYSTEM_MISC,method,GET,52,access,user,socketFilter,0,filter,LIST,NONE,LIST,0,1,10,11,END,,,,,,,,,,,,,,,,,
,,led-on-time,value,50,tableName,SYSTEM_MISC,method,GET,53,POST,54,access,admin,socketFilter,0,filter,MIN,MAX,NONE,MIN,0,MAX,1,,,,,,,,,,,,,,,,
,,led-off-time,value,50,tableName,SYSTEM_MISC,method,GET,55,POST,56,access,admin,socketFilter,0,filter,MIN,MAX,NONE,MIN,0,MAX,1,,,,,,,,,,,,,,,,
,,http-mode,value,1,tableName,SYSTEM_MISC,method,GET,0,POST,0,access,admin,socketFilter,1,filter,MIN,MAX,NONE,MIN,0,MAX,1,action,HTTP_SWITCH,,,,,,,,,,,,,,
,,enable-encryption,value,0,tableName,SYSTEM_MISC,method,GET,0,POST,0,access,admin,socketFilter,1,filter,MIN,MAX,NONE,MIN,0,MAX,1,action,ENCRYPT_DECRYPT,,,,,,,,,,,,,,
,mdns,add-key,value,id,tableName,SYSTEM_MDNS,method,POST,0,access,user,socketFilter,1,array,key,data-value,END,action,ADD_RECORD,,,,,,,,,,,,,,,,,,,,
,,,key,value,id,tableName,SYSTEM_MDNS,method,POST,0,access,user,socketFilter,1,filter,NONE,action,ADD_RECORD,,,,,,,,,,,,,,,,,,,,,
,,,data-value,value,DECODER002,tableName,SYSTEM_MDNS,method,POST,0,access,user,socketFilter,1,filter,NONE,action,ADD_RECORD,,,,,,,,,,,,,,,,,,,,,
,,delete-key,value,id,tableName,SYSTEM_MDNS,method,POST,0,access,user,socketFilter,1,filter,NONE,action,DELETE_RECORD,,,,,,,,,,,,,,,,,,,,,,
,,read-key,value,id,tableName,SYSTEM_MDNS,method,GET,0,access,user,socketFilter,1,filter,NONE,action,READ_RECORD,,,,,,,,,,,,,,,,,,,,,,
,,edit-key,value,id,tableName,SYSTEM_MDNS,method,POST,0,access,user,socketFilter,1,array,key,data-value,END,action,EDIT_RECORD,,,,,,,,,,,,,,,,,,,,
,,,key,value,id,tableName,SYSTEM_MDNS,method,POST,0,access,user,socketFilter,1,filter,NONE,action,EDIT_RECORD,,,,,,,,,,,,,,,,,,,,,
,,,data-value,value,DECODER001,tableName,SYSTEM_MDNS,method,POST,0,access,user,socketFilter,1,filter,NONE,action,EDIT_RECORD,,,,,,,,,,,,,,,,,,,,,
video,input,streams,value,2,tableName,VIDEO_INPUT,method,GET,101,access,user,socketFilter,0,filter,NONE,,,,,,,,,,,,,,,,,,,,,,,,
,,resolution,value,1080p,tableName,VIDEO_INPUT,method,GET,102,access,user,socketFilter,0,filter,NONE,,,,,,,,,,,,,,,,,,,,,,,,
,,frame-rate,value,30,tableName,VIDEO_INPUT,method,GET,103,access,user,socketFilter,0,filter,NONE,,,,,,,,,,,,,,,,,,,,,,,,
,,valid-input,value,1,tableName,VIDEO_INPUT,method,GET,104,access,user,socketFilter,0,filter,NONE,,,,,,,,,,,,,,,,,,,,,,,,
,,cable-presence,value,0,tableName,VIDEO_INPUT,method,GET,105,access,user,socketFilter,0,filter,NONE,,,,,,,,,,,,,,,,,,,,,,,,
,,buffer-type,value,1,tableName,VIDEO_INPUT,method,GET,106,POST,107,access,admin,socketFilter,0,filter,MIN,MAX,NONE,MIN,0,MAX,1,,,,,,,,,,,,,,,,
,,buffer-delay,value,500,tableName,VIDEO_INPUT,method,GET,108,POST,109,access,admin,socketFilter,0,filter,MIN,MAX,NONE,MIN,0,MAX,500,,,,,,,,,,,,,,,,
,,hqll-mult-ip-addr,value,232.0.5.1,tableName,VIDEO_INPUT,method,GET,110,POST,111,access,admin,socketFilter,0,array,ip-addr,port,END ,getArray,112,114,END,postArray,113,115,END,,,,,,,,,,,,
,,,ip-addr,value,232.0.5.1,tableName,VIDEO_INPUT_HQLL-MULTI-IP-ADDR,method,GET,112,POST,113,access,admin,socketFilter,0,filter,TYPE,NONE,TYPE,IPAddress,,,,,,,,,,,,,,,,,,
,,,port,value,12100,tableName,VIDEO_INPUT_HQLL-MULTI-IP-ADDR,method,GET,114,POST,115,access,admin,socketFilter,0,filter,NONE,,,,,,,,,,,,,,,,,,,,,
,,es-mult-ip-addr,value,232.0.5.2,tableName,VIDEO_INPUT,method,GET,116,POST,117,access,admin,socketFilter,0,array,ip-addr,port,END ,getArray,118,120,END,postArray,119,121,END,,,,,,,,,,,,
,,,ip-addr,value,232.0.5.1,tableName,VIDEO_INPUT_ES-MULTI-IP-ADDR,method,GET,118,POST,119,access,admin,socketFilter,0,filter,TYPE,NONE,TYPE,IPAddress,,,,,,,,,,,,,,,,,,
,,,port,value,12200,tableName,VIDEO_INPUT_ES-MULTI-IP-ADDR,method,GET,120,POST,121,access,admin,socketFilter,0,filter,NONE,,,,,,,,,,,,,,,,,,,,,
,,mute,value,0,tableName,VIDEO_INPUT,method,GET,122,POST,123,access,admin,socketFilter,0,filter,MIN,MAX,NONE,MIN,0,MAX,1,,,,,,,,,,,,,,,,
,output,videos,value,1,tableName,VIDEO_OUTPUT,method,GET,124,access,user,socketFilter,0,filter,NONE,,,,,,,,,,,,,,,,,,,,,,,,
,,resolution,value,720p,tableName,VIDEO_OUTPUT,method,GET,125,access,user,socketFilter,0,filter,NONE,,,,,,,,,,,,,,,,,,,,,,,,
,,frame-rate,value,30,tableName,VIDEO_OUTPUT,method,GET,126,access,user,socketFilter,0,filter,NONE,,,,,,,,,,,,,,,,,,,,,,,,
,,edid,value,77AABBCCDDEEFF,tableName,VIDEO_OUTPUT,method,GET,127,access,user,socketFilter,0,filter,NONE,,,,,,,,,,,,,,,,,,,,,,,,
comp-layout,feature-enable,value,1,tableName,COMP-LAYOUT,method,GET,151,POST,152,access,admin,socketFilter,0,filter,MIN,MAX,NONE,MIN,0,MAX,1,,,,,,,,,,,,,,,,,
,available-layout,value,1,tableName,COMP-LAYOUT,method,GET,153,access,user,socketFilter,0,filter,MIN,MAX,NONE,MIN,1,MAX,2,,,,,,,,,,,,,,,,,,,
,enable-pip,value,0,tableName,COMP-LAYOUT,method,GET,154,POST,155,access,admin,socketFilter,0,filter,MIN,MAX,NONE,MIN,0,MAX,1,,,,,,,,,,,,,,,,,
,pip-loc,value,100,tableName,COMP-LAYOUT,method,GET,156,POST,157,access,admin,x_location,y_location,,,,,,,,,,,,,,,,,,,,,,,,,
,,x_location,value,100,tableName,COMP-LAYOUT,method,GET,158,POST,159,access,admin,socketFilter,0,filter,MIN,MAX,NONE,MIN,0,MAX,1,,,,,,,,,,,,,,,,
,,y_location,value,100,tableName,COMP-LAYOUT,method,GET,160,POST,161,access,admin,socketFilter,0,filter,MIN,MAX,NONE,MIN,0,MAX,1,,,,,,,,,,,,,,,,
,enable-pap,value,0,tableName,COMP-LAYOUT,method,GET,162,POST,163,access,admin,socketFilter,0,filter,MIN,MAX,NONE,MIN,0,MAX,1,,,,,,,,,,,,,,,,,
,swap-pap,value,0,tableName,COMP-LAYOUT,method,POST,164,access,user,socketFilter,0,filter,LIST,NONE,LIST,1,END,MIN,0,MAX,1,,,,,,,,,,,,,,,,,
overlay,feature-enable,value,1,tableName,OVERLAY,method,GET,201,POST,202,access,admin,socketFilter,0,filter,MIN,MAX,NONE,MIN,0,MAX,1,,,,,,,,,,,,,,,,,
,max-images,value,5,tableName,OVERLAY,method,GET,203,POST,204,access,admin,socketFilter,0,filter,MIN,MAX,NONE,MIN,1,MAX,5,,,,,,,,,,,,,,,,,
,enable,value,1,tableName,OVERLAY,method,GET,205,POST,206,access,admin,socketFilter,0,filter,MIN,MAX,NONE,MIN,0,MAX,1,,,,,,,,,,,,,,,,,
,upload-image,value,mute.jpg,tableName,OVERLAY,method,POST,207,access,admin,socketFilter,0,array,file_name,id,height,width,END,postArray,208,209,210,211,END,,,,,,,,,,,,,,,
,,file_name,value,overlay.jpg,tableName,OVERLAY_UPLOAD-IMAGE,method,POST,208,access,admin,socketFilter,0,filter,NONE,,,,,,,,,,,,,,,,,,,,,,,,
,,id,value,overlay001,tableName,OVERLAY_UPLOAD-IMAGE,method,POST,209,access,admin,socketFilter,0,filter,MIN,MAX,NONE,MIN,0,MAX,7,,,,,,,,,,,,,,,,,,
,,height,value,100,tableName,OVERLAY_UPLOAD-IMAGE,method,POST,210,access,admin,socketFilter,0,filter,MIN,MAX,NONE,MIN,1,MAX,1079,,,,,,,,,,,,,,,,,,
,,width,value,100,tableName,OVERLAY_UPLOAD-IMAGE,method,POST,211,access,admin,socketFilter,0,filter,MIN,MAX,NONE,MIN,1,MAX,1919,,,,,,,,,,,,,,,,,,
,upload-mute-image,value,mute.jpg,tableName,OVERLAY,method,POST,212,access,admin,socketFilter,0,array,file_name,id,height,width,END,postArray,213,214,215,END,,,,,,,,,,,,,,,,
,,file_name,value,mute.jpg,tableName,OVERLAY_UPLOAD-MUTE-IMAGE,method,POST,213,access,admin,socketFilter,0,filter,NONE,,,,,,,,,,,,,,,,,,,,,,,,
,,height,value,100,tableName,OVERLAY_UPLOAD-MUTE-IMAGE,method,POST,214,access,admin,socketFilter,0,filter,MIN,MAX,NONE,MIN,1,MAX,1079,,,,,,,,,,,,,,,,,,
,,width,value,100,tableName,OVERLAY_UPLOAD-MUTE-IMAGE,method,POST,215,access,admin,socketFilter,0,filter,MIN,MAX,NONE,MIN,1,MAX,1919,,,,,,,,,,,,,,,,,,
,del-image,value,overlay001,tableName,OVERLAY,method,POST,216,access,admin,socketFilter,0,array,id,END,postArray,217,END,,,,,,,,,,,,,,,,,,,,,
,,id,value,0,tableName,OVERLAY,method,POST,217,access,admin,socketFilter,0,filter,MIN,MAX,NONE,MIN,0,MAX,7,,,,,,,,,,,,,,,,,,
,0,image-params,value,OVERLAY_0,tableName,OVERLAY_0,method,GET,218,POST,219,access,admin,socketFilter,0,array,id,x_location,y_location,enable,height,width,END,,,,,,,,,,,,,,,,
,,,id,value,0,tableName,OVERLAY_0,method,GET,220,POST,221,access,admin,socketFilter,0,filter,MIN,MAX,NONE,MIN,0,MAX,7,,,,,,,,,,,,,,,
,,,x_location,value,100,tableName,OVERLAY_0,method,GET,222,POST,223,access,admin,socketFilter,0,filter,MIN,MAX,NONE,MIN,0,MAX,1919,,,,,,,,,,,,,,,
,,,y_location,value,100,tableName,OVERLAY_0,method,GET,224,POST,225,access,admin,socketFilter,0,filter,MIN,MAX,NONE,MIN,0,MAX,1079,,,,,,,,,,,,,,,
,,,enable,value,0,tableName,OVERLAY_0,method,GET,226,POST,227,access,admin,socketFilter,0,filter,MIN,MAX,NONE,MIN,0,MAX,1,,,,,,,,,,,,,,,
,,,height,value,200,tableName,OVERLAY_0,method,GET,228,POST,229,access,admin,socketFilter,0,filter,MIN,MAX,NONE,MIN,0,MAX,1079,,,,,,,,,,,,,,,
,,,width,value,200,tableName,OVERLAY_0,method,GET,230,POST,231,access,admin,socketFilter,0,filter,MIN,MAX,NONE,MIN,0,MAX,1919,,,,,,,,,,,,,,,
,1,image-params,value,1,tableName,OVERLAY_1,method,GET,232,POST,233,access,admin,socketFilter,0,array,id,x_location,y_location,enable,height,width,END,,,,,,,,,,,,,,,,
,,,id,value,1,tableName,OVERLAY_1,method,GET,234,POST,235,access,admin,socketFilter,0,filter,MIN,MAX,NONE,MIN,0,MAX,7,,,,,,,,,,,,,,,
,,,x_location,value,100,tableName,OVERLAY_1,method,GET,236,POST,237,access,admin,socketFilter,0,filter,MIN,MAX,NONE,MIN,0,MAX,1919,,,,,,,,,,,,,,,
,,,y_location,value,100,tableName,OVERLAY_1,method,GET,238,POST,239,access,admin,socketFilter,0,filter,MIN,MAX,NONE,MIN,0,MAX,1079,,,,,,,,,,,,,,,
,,,enable,value,1,tableName,OVERLAY_1,method,GET,240,POST,241,access,admin,socketFilter,0,filter,MIN,MAX,NONE,MIN,0,MAX,1,,,,,,,,,,,,,,,
,,,height,value,200,tableName,OVERLAY_1,method,GET,242,POST,243,access,admin,socketFilter,0,filter,MIN,MAX,NONE,MIN,0,MAX,1079,,,,,,,,,,,,,,,
,,,width,value,200,tableName,OVERLAY_1,method,GET,244,POST,245,access,admin,socketFilter,0,filter,MIN,MAX,NONE,MIN,0,MAX,1919,,,,,,,,,,,,,,,
,2,image-params,value,2,tableName,OVERLAY_2,method,GET,246,POST,247,access,admin,socketFilter,0,array,id,x_location,y_location,enable,height,width,END,,,,,,,,,,,,,,,,
,,,id,value,2,tableName,OVERLAY_2,method,GET,248,POST,249,access,admin,socketFilter,0,filter,MIN,MAX,NONE,MIN,0,MAX,7,,,,,,,,,,,,,,,
,,,x_location,value,100,tableName,OVERLAY_2,method,GET,250,POST,251,access,admin,socketFilter,0,filter,MIN,MAX,NONE,MIN,0,MAX,1919,,,,,,,,,,,,,,,
,,,y_location,value,100,tableName,OVERLAY_2,method,GET,252,POST,253,access,admin,socketFilter,0,filter,MIN,MAX,NONE,MIN,0,MAX,1079,,,,,,,,,,,,,,,
,,,enable,value,1,tableName,OVERLAY_2,method,GET,254,POST,255,access,admin,socketFilter,0,filter,MIN,MAX,NONE,MIN,0,MAX,1,,,,,,,,,,,,,,,
,,,height,value,200,tableName,OVERLAY_2,method,GET,256,POST,257,access,admin,socketFilter,0,filter,MIN,MAX,NONE,MIN,0,MAX,1079,,,,,,,,,,,,,,,
,,,width,value,200,tableName,OVERLAY_2,method,GET,258,POST,259,access,admin,socketFilter,0,filter,MIN,MAX,NONE,MIN,0,MAX,1919,,,,,,,,,,,,,,,
,3,image-params,value,3,tableName,OVERLAY_3,method,GET,260,POST,261,access,admin,socketFilter,0,array,id,x_location,y_location,enable,height,width,END,,,,,,,,,,,,,,,,
,,,id,value,3,tableName,OVERLAY_3,method,GET,262,POST,263,access,admin,socketFilter,0,filter,MIN,MAX,NONE,MIN,0,MAX,7,,,,,,,,,,,,,,,
,,,x_location,value,100,tableName,OVERLAY_3,method,GET,264,POST,265,access,admin,socketFilter,0,filter,MIN,MAX,NONE,MIN,0,MAX,1919,,,,,,,,,,,,,,,
,,,y_location,value,100,tableName,OVERLAY_3,method,GET,266,POST,267,access,admin,socketFilter,0,filter,MIN,MAX,NONE,MIN,0,MAX,1079,,,,,,,,,,,,,,,
,,,enable,value,1,tableName,OVERLAY_3,method,GET,268,POST,269,access,admin,socketFilter,0,filter,MIN,MAX,NONE,MIN,0,MAX,1,,,,,,,,,,,,,,,
,,,height,value,200,tableName,OVERLAY_3,method,GET,270,POST,271,access,admin,socketFilter,0,filter,MIN,MAX,NONE,MIN,0,MAX,1079,,,,,,,,,,,,,,,
,,,width,value,200,tableName,OVERLAY_3,method,GET,272,POST,273,access,admin,socketFilter,0,filter,MIN,MAX,NONE,MIN,0,MAX,1919,,,,,,,,,,,,,,,
,4,image-params,value,4,tableName,OVERLAY_4,method,GET,274,POST,275,access,admin,socketFilter,0,array,id,x_location,y_location,enable,height,width,END,,,,,,,,,,,,,,,,
,,,id,value,4,tableName,OVERLAY_4,method,GET,276,POST,277,access,admin,socketFilter,0,filter,MIN,MAX,NONE,MIN,0,MAX,7,,,,,,,,,,,,,,,
,,,x_location,value,100,tableName,OVERLAY_4,method,GET,278,POST,279,access,admin,socketFilter,0,filter,MIN,MAX,NONE,MIN,0,MAX,1919,,,,,,,,,,,,,,,
,,,y_location,value,100,tableName,OVERLAY_4,method,GET,280,POST,281,access,admin,socketFilter,0,filter,MIN,MAX,NONE,MIN,0,MAX,1079,,,,,,,,,,,,,,,
,,,enable,value,1,tableName,OVERLAY_4,method,GET,282,POST,283,access,admin,socketFilter,0,filter,MIN,MAX,NONE,MIN,0,MAX,1,,,,,,,,,,,,,,,
,,,height,value,200,tableName,OVERLAY_4,method,GET,284,POST,285,access,admin,socketFilter,0,filter,MIN,MAX,NONE,MIN,0,MAX,1079,,,,,,,,,,,,,,,
,,,width,value,200,tableName,OVERLAY_4,method,GET,286,POST,287,access,admin,socketFilter,0,filter,MIN,MAX,NONE,MIN,0,MAX,1919,,,,,,,,,,,,,,,
,5,image-params,value,5,tableName,OVERLAY_5,method,GET,288,POST,289,access,admin,socketFilter,0,array,id,x_location,y_location,enable,height,width,END,,,,,,,,,,,,,,,,
,,,id,value,5,tableName,OVERLAY_5,method,GET,290,POST,291,access,admin,socketFilter,0,filter,MIN,MAX,NONE,MIN,0,MAX,7,,,,,,,,,,,,,,,
,,,x_location,value,100,tableName,OVERLAY_5,method,GET,292,POST,293,access,admin,socketFilter,0,filter,MIN,MAX,NONE,MIN,0,MAX,1919,,,,,,,,,,,,,,,
,,,y_location,value,100,tableName,OVERLAY_5,method,GET,294,POST,295,access,admin,socketFilter,0,filter,MIN,MAX,NONE,MIN,0,MAX,1079,,,,,,,,,,,,,,,
,,,enable,value,1,tableName,OVERLAY_5,method,GET,296,POST,297,access,admin,socketFilter,0,filter,MIN,MAX,NONE,MIN,0,MAX,1,,,,,,,,,,,,,,,
,,,height,value,200,tableName,OVERLAY_5,method,GET,298,POST,299,access,admin,socketFilter,0,filter,MIN,MAX,NONE,MIN,0,MAX,1079,,,,,,,,,,,,,,,
,,,width,value,200,tableName,OVERLAY_5,method,GET,300,POST,301,access,admin,socketFilter,0,filter,MIN,MAX,NONE,MIN,0,MAX,1919,,,,,,,,,,,,,,,
,6,image-params,value,6,tableName,OVERLAY_6,method,GET,302,POST,303,access,admin,socketFilter,0,array,id,x_location,y_location,enable,height,width,END,,,,,,,,,,,,,,,,
,,,id,value,6,tableName,OVERLAY_6,method,GET,304,POST,305,access,admin,socketFilter,0,filter,MIN,MAX,NONE,MIN,0,MAX,7,,,,,,,,,,,,,,,
,,,x_location,value,100,tableName,OVERLAY_6,method,GET,306,POST,307,access,admin,socketFilter,0,filter,MIN,MAX,NONE,MIN,0,MAX,1919,,,,,,,,,,,,,,,
,,,y_location,value,100,tableName,OVERLAY_6,method,GET,308,POST,309,access,admin,socketFilter,0,filter,MIN,MAX,NONE,MIN,0,MAX,1079,,,,,,,,,,,,,,,
,,,enable,value,1,tableName,OVERLAY_6,method,GET,310,POST,311,access,admin,socketFilter,0,filter,MIN,MAX,NONE,MIN,0,MAX,1,,,,,,,,,,,,,,,
,,,height,value,200,tableName,OVERLAY_6,method,GET,312,POST,313,access,admin,socketFilter,0,filter,MIN,MAX,NONE,MIN,0,MAX,1079,,,,,,,,,,,,,,,
,,,width,value,200,tableName,OVERLAY_6,method,GET,314,POST,315,access,admin,socketFilter,0,filter,MIN,MAX,NONE,MIN,0,MAX,1919,,,,,,,,,,,,,,,
,7,image-params,value,7,tableName,OVERLAY_7,method,GET,316,POST,317,access,admin,socketFilter,0,array,id,x_location,y_location,enable,height,width,END,,,,,,,,,,,,,,,,
,,,id,value,7,tableName,OVERLAY_7,method,GET,318,POST,319,access,admin,socketFilter,0,filter,MIN,MAX,NONE,MIN,0,MAX,7,,,,,,,,,,,,,,,
,,,x_location,value,100,tableName,OVERLAY_7,method,GET,320,POST,322,access,admin,socketFilter,0,filter,MIN,MAX,NONE,MIN,0,MAX,1919,,,,,,,,,,,,,,,
,,,y_location,value,100,tableName,OVERLAY_7,method,GET,323,POST,324,access,admin,socketFilter,0,filter,MIN,MAX,NONE,MIN,0,MAX,1079,,,,,,,,,,,,,,,
,,,enable,value,1,tableName,OVERLAY_7,method,GET,325,POST,326,access,admin,socketFilter,0,filter,MIN,MAX,NONE,MIN,0,MAX,1,,,,,,,,,,,,,,,
,,,height,value,200,tableName,OVERLAY_7,method,GET,327,POST,328,access,admin,socketFilter,0,filter,MIN,MAX,NONE,MIN,0,MAX,1079,,,,,,,,,,,,,,,
,,,width,value,200,tableName,OVERLAY_7,method,GET,329,POST,330,access,admin,socketFilter,0,filter,MIN,MAX,NONE,MIN,0,MAX,1919,,,,,,,,,,,,,,,
audio,input,valid-input,value,1,tableName,AUDIO_INPUT,method,GET,351,access,user,socketFilter,0,filter,MIN,MAX,NONE,MIN,0,MAX,1,,,,,,,,,,,,,,,,,,
,,enable-rx,value,1,tableName,AUDIO_INPUT,method,GET,352,POST,353,access,user,socketFilter,0,filter,MIN,MAX,NONE,MIN,0,MAX,1,,,,,,,,,,,,,,,,
,,fine-gain,value,2,tableName,AUDIO_INPUT,method,GET,354,POST,355,access,user,socketFilter,0,filter,MIN,MAX,NONE,MIN,0,MAX,1,,,,,,,,,,,,,,,,
,,coarse-gain,value,25,tableName,AUDIO_INPUT,method,GET,356,POST,357,access,user,socketFilter,0,filter,MIN,MAX,NONE,MIN,0,MAX,25,,,,,,,,,,,,,,,,
,,mute,value,0,tableName,AUDIO_INPUT,method,GET,358,POST,359,access,user,socketFilter,0,filter,MIN,MAX,NONE,MIN,0,MAX,1,,,,,,,,,,,,,,,,
,,loop-back,value,0,tableName,AUDIO_INPUT,method,GET,360,POST,361,access,user,socketFilter,0,filter,MIN,MAX,NONE,MIN,0,MAX,1,,,,,,,,,,,,,,,,
,,rx-mult-ip-addr,value,235.0.5.3,tableName,AUDIO_INPUT,method,GET,362,POST,363,access,user,socketFilter,0,array,ip-addr,port,END ,getArray,364,366,END,postArray,365,367,END,,,,,,,,,,,,
,,,ip-addr,value,232.0.5.1,tableName,AUDIO_OUTPUT_RX-MULT-IP-ADDR,method,GET,364,POST,365,access,admin,socketFilter,0,filter,TYPE,NONE,TYPE,IPAddress,,,,,,,,,,,,,,,,,,
,,,port,value,13100,tableName,AUDIO_OUTPUT_RX-MULT-IP-ADDR,method,GET,366,POST,367,access,admin,socketFilter,0,filter,NONE,,,,,,,,,,,,,,,,,,,,,
,output,enable-tx,value,1,tableName,AUDIO_OUTPUT,method,GET,368,POST,369,access,user,socketFilter,0,filter,MIN,MAX,NONE,MIN,0,MAX,1,,,,,,,,,,,,,,,,
,,tx-mult-ip-addr,value,235.0.5.4,tableName,AUDIO_OUTPUT,method,GET,370,POST,371,access,user,socketFilter,0,array,ip-addr,port,END ,getArray,368,370,END,postArray,369,371,END,,,,,,,,,,,,
,,,ip-addr,value,232.0.5.1,tableName,AUDIO_OUTPUT_TX-MULT-IP-ADDR,method,GET,372,POST,373,access,admin,socketFilter,0,filter,TYPE,NONE,TYPE,IPAddress,,,,,,,,,,,,,,,,,,
,,,port,value,13200,tableName,AUDIO_OUTPUT_TX-MULT-IP-ADDR,method,GET,374,POST,375,access,admin,socketFilter,0,filter,NONE,,,,,,,,,,,,,,,,,,,,,
,,fine-gain,value,2,tableName,AUDIO_OUTPUT,method,GET,376,POST,377,access,user,socketFilter,0,filter,MIN,MAX,NONE,MIN,0,MAX,1,,,,,,,,,,,,,,,,
,,coarse-gain,value,25,tableName,AUDIO_OUTPUT,method,GET,378,POST,379,access,user,socketFilter,0,filter,MIN,MAX,NONE,MIN,0,MAX,1,,,,,,,,,,,,,,,,
,,mute,value,0,tableName,AUDIO_OUTPUT,method,GET,380,POST,381,access,user,socketFilter,0,filter,MIN,MAX,NONE,MIN,0,MAX,1,,,,,,,,,,,,,,,,
,,fade,value,0,tableName,AUDIO_OUTPUT,method,GET,382,POST,383,access,user,socketFilter,0,filter,MIN,MAX,NONE,MIN,0,MAX,1,,,,,,,,,,,,,,,,
kvm,feature-enable,value,1,tableName,KVM,method,GET,401,POST,402,access,admin,socketFilter,0,filter,MIN,MAX,NONE,MIN,0,MAX,1,,,,,,,,,,,,,,,,,
,usb-link-status,value,1,tableName,KVM,method,GET,403,POST,404,access,admin,socketFilter,0,filter,NONE,
,enable,value,1,tableName,KVM,method,GET,405,POST,406,access,admin,socketFilter,0,filter,NONE,,,,,,,,,,,,,,,,,,,,,,,
,encoder,value,ENCODER-001,tableName,KVM,method,GET,407,POST,408,access,admin,socketFilter,0,filter,NONE,,,,,,,,,,,,,,,,,,,,,,,
,default-encoder,value,ENCODER-001,tableName,KVM,method,GET,409,POST,410,access,admin,socketFilter,0,filter,NONE,,,,,,,,,,,,,,,,,,,,,,,
,key-code,value,256,tableName,KVM,method,GET,411,POST,412,access,admin,socketFilter,0,filter,NONE,,,,,,,,,,,,,,,,,,,,,,,
rs232,feature-enable,value,1,tableName,RS232,method,GET,451,POST,452,access,admin,socketFilter,0,filter,NONE,,,,,,,,,,,,,,,,,,,,,,,
,get-devices,value,database_name,tableName,RS232,method,GET,453,POST,454,access,admin,socketFilter,0,filter,NONE,,,,,,,,,,,,,,,,,,,,,,,
,open-connection,value,TTY0,tableName,RS232,method,GET,455,POST,456,access,admin,socketFilter,0,filter,NONE,,,,,,,,,,,,,,,,,,,,,,,
,close-connection,value,TTY1,tableName,RS232,method,GET,457,POST,458,access,admin,socketFilter,0,filter,NONE,,,,,,,,,,,,,,,,,,,,,,,
,flush,value,TTY2,tableName,RS232,method,GET,459,POST,460,access,admin,socketFilter,0,filter,NONE,,,,,,,,,,,,,,,,,,,,,,,
,0,params,value,115200,tableName,RS232_0_PARAMS,method,GET,461,POST,462,access,admin,socketFilter,0,array,baud_rate,data_bits,parity,stop_bit,flow_control,port,END,getArray,463,465,467,469,471,473,END,postArray,464,466,468,470,472,474,END
,,,baud_rate,value,115200,tableName,RS232_0_PARAMS,method,GET,463,POST,464,access,admin,socketFilter,0,filter,NONE,,,,,,,,,,,,,,,,,,,,,
,,,data_bits,value,8,tableName,RS232_0_PARAMS,method,GET,465,POST,466,access,admin,socketFilter,0,filter,NONE,,,,,,,,,,,,,,,,,,,,,
,,,parity,value,even,tableName,RS232_0_PARAMS,method,GET,467,POST,468,access,admin,socketFilter,0,filter,NONE,,,,,,,,,,,,,,,,,,,,,
,,,stop_bit,value,1080p,tableName,RS232_0_PARAMS,method,GET,469,POST,470,access,admin,socketFilter,0,filter,NONE,,,,,,,,,,,,,,,,,,,,,
,,,flow_control,value,Hardware,tableName,RS232_0_PARAMS,method,GET,471,POST,472,access,admin,socketFilter,0,filter,NONE,,,,,,,,,,,,,,,,,,,,,
,,,port,value,TTY0,tableName,RS232_0_PARAMS,method,GET,473,POST,474,access,admin,socketFilter,0,filter,NONE,,,,,,,,,,,,,,,,,,,,,
,1,params,value,115200,tableName,RS232_1_PARAMS,method,GET,461,POST,462,access,admin,socketFilter,0,array,baud_rate,data_bits,parity,stop_bit,flow_control,port,END,getArray,463,465,467,469,471,473,END,postArray,464,466,468,470,472,474,END
,,,baud_rate,value,115200,tableName,RS232_1_PARAMS,method,GET,463,POST,464,access,admin,socketFilter,0,filter,NONE,,,,,,,,,,,,,,,,,,,,,
,,,data_bits,value,8,tableName,RS232_1_PARAMS,method,GET,465,POST,466,access,admin,socketFilter,0,filter,NONE,,,,,,,,,,,,,,,,,,,,,
,,,parity,value,even,tableName,RS232_1_PARAMS,method,GET,467,POST,468,access,admin,socketFilter,0,filter,NONE,,,,,,,,,,,,,,,,,,,,,
,,,stop_bit,value,1080p,tableName,RS232_1_PARAMS,method,GET,469,POST,470,access,admin,socketFilter,0,filter,NONE,,,,,,,,,,,,,,,,,,,,,
,,,flow_control,value,Hardware,tableName,RS232_1_PARAMS,method,GET,471,POST,472,access,admin,socketFilter,0,filter,NONE,,,,,,,,,,,,,,,,,,,,,
,,,port,value,TTY0,tableName,RS232_1_PARAMS,method,GET,473,POST,474,access,admin,socketFilter,0,filter,NONE,,,,,,,,,,,,,,,,,,,,,
,0,send,value,RS232,tableName,RS232_0_SEND,method,GET,475,POST,476,access,admin,socketFilter,0,array,data,port,END,,,,,,,,,,,,,,,,,,,,
,,,data,value,read_register,tableName,RS232_0_SEND,method,GET,477,POST,478,access,admin,socketFilter,0,filter,NONE,,,,,,,,,,,,,,,,,,,,,
,,,port,value,TTY0,tableName,RS232_0_SEND,method,GET,479,POST,480,access,admin,socketFilter,0,filter,NONE,,,,,,,,,,,,,,,,,,,,,
,1,send,value,RS232,tableName,RS232_1_SEND,method,GET,475,POST,476,access,admin,socketFilter,0,array,data,port,END,,,,,,,,,,,,,,,,,,,,
,,,data,value,read_register,tableName,RS232_1_SEND,method,GET,477,POST,478,access,admin,socketFilter,0,filter,NONE,,,,,,,,,,,,,,,,,,,,,
,,,port,value,TTY0,tableName,RS232_1_SEND,method,GET,479,POST,480,access,admin,socketFilter,0,filter,NONE,,,,,,,,,,,,,,,,,,,,,
fpga-register,value,0xFFFFFFFF,tableName,FPGA-REGISTER,method,GET,501,POST,502,access,admin,socketFilter,0,filter,MIN,NONE,MIN,0,uriAction,fpgaRegister,,,,,,,,,,,,,,,,,,,
