system,firmware,fpga-version,value,1v0,tableName,SYSTEM_FIRMWARE,method,GET,1,access,GET,user,socketFilter,0,flags,GET,0,filter,NONE,,,,,,,,,,,,,,,,,,,,,,,,,,,,
,,processor-version,value,1v1,tableName,SYSTEM_FIRMWARE,method,GET,2,access,GET,user,socketFilter,0,flags,GET,0,filter,NONE,,,,,,,,,,,,,,,,,,,,,,,,,,,,
,,system-firmware,value,1v1,tableName,SYSTEM_FIRMWARE,method,GET,3,access,GET,user,socketFilter,0,flags,GET,0,filter,NONE,,,,,,,,,,,,,,,,,,,,,,,,,,,,
,,hw-version,value,1v1,tableName,SYSTEM_FIRMWARE,method,GET,4,access,GET,user,socketFilter,0,flags,GET,0,filter,NONE,,,,,,,,,,,,,,,,,,,,,,,,,,,,
,,processor-field-upgrade,value,SYSTEM_FIRMWARE_PROCESSOR-FIELD-UPGRADE,tableName,SYSTEM_FIRMWARE,method,POST,5,access,POST,admin,socketFilter,0,flags,POST,3,array,file-name,location,END,postArray,57,58,END,,,,,,,,,,,,,,,,,,,,,,
,,,file-name,value,Dsp-image-name,tableName,SYSTEM_FIRMWARE_PROCESSOR-FIELD-UPGRADE,method,POST,5,access,POST,admin,socketFilter,0,flags,POST,1,filter,NONE,,,,,,,,,,,,,,,,,,,,,,,,,,,
,,,location,value,Dsp-image-location,tableName,SYSTEM_FIRMWARE_PROCESSOR-FIELD-UPGRADE,method,POST,5,access,POST,admin,socketFilter,0,flags,POST,2,filter,NONE,,,,,,,,,,,,,,,,,,,,,,,,,,,
,,fpga-field-upgrade,value,SYSTEM_FIRMWARE_FPGA-FIELD-UPGRADE,tableName,SYSTEM_FIRMWARE,method,POST,6,access,POST,admin,socketFilter,0,flags,POST,3,array,file-name,location,END,postArray,59,60,END,,,,,,,,,,,,,,,,,,,,,,
,,,file-name,value,Dsp-image-name,tableName,SYSTEM_FIRMWARE_FPGA-FIELD-UPGRADE,method,POST,6,access,POST,admin,socketFilter,0,flags,POST,1,filter,NONE,,,,,,,,,,,,,,,,,,,,,,,,,,,
,,,location,value,Dsp-image-location,tableName,SYSTEM_FIRMWARE_FPGA-FIELD-UPGRADE,method,POST,6,access,POST,admin,socketFilter,0,flags,POST,2,filter,NONE,,,,,,,,,,,,,,,,,,,,,,,,,,,
,,fpga-upgrade-status,value,0,tableName,SYSTEM_FIRMWARE,method,GET,7,access,GET,user,socketFilter,0,flags,GET,0,filter,NONE,,,,,,,,,,,,,,,,,,,,,,,,,,,,
,,processor-upgrade-status,value,0,tableName,SYSTEM_FIRMWARE,method,GET,8,access,GET,user,socketFilter,0,flags,GET,0,filter,NONE,,,,,,,,,,,,,,,,,,,,,,,,,,,,
,,switch,value,1,tableName,SYSTEM_FIRMWARE,method,POST,9,access,POST,user,socketFilter,0,flags,POST,0,filter,NONE,,,,,,,,,,,,,,,,,,,,,,,,,,,,
,,serial-no,value,AAA1BBB2CCC3DDD4,tableName,SYSTEM_FIRMWARE,method,GET,10,POST,11,access,GET,user,POST,admin,socketFilter,0,flags,GET,0,POST,0,filter,TYPE,NONE,TYPE,Digits16,AlphaNum,END,,,,,,,,,,,,,,,,,
,network,ip-settings,value,SYSTEM_NETWORK_IP-SETTINGS,tableName,SYSTEM_NETWORK,method,GET,12,POST,13,access,GET,user,POST,user,socketFilter,0,flags,GET,7,POST,0,array,ip-addr,subnet-mask,gateway,END,getArray,12,14,16,END,postArray,13,15,17,END,,,,,,,,,
,,,ip-addr,value,192.168.0.1,tableName,SYSTEM_NETWORK_IP-SETTINGS,method,GET,12,POST,13,access,GET,user,POST,user,socketFilter,0,flags,GET,1,POST,1,filter,TYPE,NONE,TYPE,IPAddress,END,,,,,,,,,,,,,,,,,
,,,subnet-mask,value,255.255.255.0,tableName,SYSTEM_NETWORK_IP-SETTINGS,method,GET,12,POST,13,access,GET,user,POST,user,socketFilter,0,flags,GET,2,POST,2,filter,TYPE,NONE,TYPE,IPAddress,END,,,,,,,,,,,,,,,,,
,,,gateway,value,0.0.0.0,tableName,SYSTEM_NETWORK_IP-SETTINGS,method,GET,12,POST,13,access,GET,user,POST,user,socketFilter,0,flags,GET,4,POST,4,filter,TYPE,NONE,TYPE,IPAddress,END,,,,,,,,,,,,,,,,,
,,tos,value,7,tableName,SYSTEM_NETWORK,method,GET,14,POST,15,access,GET,user,POST,user,socketFilter,0,flags,GET,0,POST,0,filter,MIN,MAX,NONE,MIN,0,MAX,7,,,,,,,,,,,,,,,,
,,mtu-size,value,1500,tableName,SYSTEM_NETWORK,method,GET,16,POST,17,access,GET,user,POST,user,socketFilter,0,flags,GET,0,POST,0,filter,MIN,MAX,NONE,MIN,64,MAX,1500,,,,,,,,,,,,,,,,
,,mode,value,1,tableName,SYSTEM_NETWORK,method,GET,18,POST,19,access,GET,user,POST,user,socketFilter,0,flags,GET,0,POST,0,filter,LIST,NONE,LIST,1,2,3,4,END,,,,,,,,,,,,,,,
,,notify-ip-addr,value,192.168.0.77,tableName,SYSTEM_NETWORK,method,GET,20,POST,21,access,GET,user,POST,user,socketFilter,1,flags,GET,0,POST,0,filter,TYPE,NONE,TYPE,IPAddress,END,action,NOTIFY_IP,,,,,,,,,,,,,,,,
,,notify-port,value,9999,tableName,SYSTEM_NETWORK,method,GET,22,POST,23,access,GET,user,POST,user,socketFilter,1,flags,GET,0,POST,0,filter,NONE,action,NOTIFY_PORT,,,,,,,,,,,,,,,,,,,,
,,image-server-ip-addr,value,192.168.0.99,tableName,SYSTEM_NETWORK,method,GET,24,POST,25,access,GET,user,POST,user,socketFilter,0,flags,GET,0,POST,0,filter,TYPE,NONE,TYPE,IPAddress,END,,,,,,,,,,,,,,,,,,
,,eth-interfaces,value,1,tableName,SYSTEM_NETWORK,method,GET,26,access,GET,user,socketFilter,0,flags,GET,0,filter,NONE,,,,,,,,,,,,,,,,,,,,,,,,,,,,
,diagnostics,hw-status,value,1,tableName,SYSTEM_DIAGNOSTICS,method,GET,27,access,GET,user,socketFilter,0,flags,GET,0,filter,NONE,,,,,,,,,,,,,,,,,,,,,,,,,,,,
,,temperature,value,25,tableName,SYSTEM_DIAGNOSTICS,method,GET,28,access,GET,user,socketFilter,0,flags,GET,0,filter,NONE,,,,,,,,,,,,,,,,,,,,,,,,,,,,
,,device-log,value,SUCCESS,tableName,SYSTEM_DIAGNOSTICS,method,GET,29,access,GET,user,socketFilter,0,flags,GET,0,filter,NONE,,,,,,,,,,,,,,,,,,,,,,,,,,,,
,,device-log-level,value,7,tableName,SYSTEM_DIAGNOSTICS,method,GET,30,POST,31,access,GET,user,POST,user,socketFilter,0,flags,GET,0,POST,0,filter,MIN,MAX,NONE,MIN,0,MAX,7,,,,,,,,,,,,,,,,
,,device-log-facility,value,1,tableName,SYSTEM_DIAGNOSTICS,method,GET,32,POST,33,access,GET,user,POST,user,socketFilter,0,flags,GET,0,POST,0,filter,MIN,MAX,NONE,MIN,0,MAX,3,,,,,,,,,,,,,,,,
,,dev-log-ip-addr,value,192.168.0.88,tableName,SYSTEM_DIAGNOSTICS,method,GET,34,POST,35,access,GET,user,POST,user,socketFilter,0,flags,GET,0,POST,0,filter,TYPE,NONE,TYPE,IPAddress,END,,,,,,,,,,,,,,,,,,
,splash-scrn,enable,value,0,tableName,SYSTEM_SPLASH-SCRN,method,GET,36,POST,37,access,GET,user,POST,user,socketFilter,0,flags,GET,0,POST,0,filter,MIN,MAX,NONE,MIN,0,MAX,1,,,,,,,,,,,,,,,,
,,upload,value,SYSTEM_SPLASH-SCRN_UPLOAD,tableName,SYSTEM_SPLASH-SCRN,method,POST,38,access,POST,user,socketFilter,0,flags,POST,3,array,file-name,location,END,postArray,61,62,END,,,,,,,,,,,,,,,,,,,,,,
,,,file-name,value,splash-screen-image-name,tableName,SYSTEM_SPLASH-SCRN_UPLOAD,method,POST,38,access,POST,user,socketFilter,0,flags,POST,1,filter,NONE,,,,,,,,,,,,,,,,,,,,,,,,,,,
,,,location,value,Splash-screen-image-location,tableName,SYSTEM_SPLASH-SCRN_UPLOAD,method,POST,38,access,POST,user,socketFilter,0,flags,POST,2,filter,NONE,,,,,,,,,,,,,,,,,,,,,,,,,,,
,,get-name,value,image.jpg,tableName,SYSTEM_SPLASH-SCRN,method,GET,39,access,GET,user,socketFilter,0,flags,GET,0,filter,NONE,,,,,,,,,,,,,,,,,,,,,,,,,,,,
,reset,soft-reset,value,1,tableName,SYSTEM_RESET,method,POST,40,access,POST,user,socketFilter,0,flags,POST,0,filter,LIST,NONE,LIST,1,END,,,,,,,,,,,,,,,,,,,,,,,,
,,configuration-reset,value,1,tableName,SYSTEM_RESET,method,POST,41,access,POST,user,socketFilter,0,flags,POST,0,filter,LIST,NONE,LIST,1,END,,,,,,,,,,,,,,,,,,,,,,,,
,,factory-reset,value,1,tableName,SYSTEM_RESET,method,POST,42,access,POST,user,socketFilter,0,flags,POST,0,filter,LIST,NONE,LIST,1,END,,,,,,,,,,,,,,,,,,,,,,,,
,reboot,value,1,tableName,SYSTEM,method,POST,43,access,POST,user,socketFilter,0,flags,POST,0,filter,LIST,NONE,LIST,1,END,,,,,,,,,,,,,,,,,,,,,,,,,
,authentication,admin,value,admin,tableName,SYSTEM_AUTHENTICATION,method,GET,44,POST,45,access,GET,admin,POST,admin,socketFilter,1,filter,NONE,action,ADMIN_NAME,,,,,,,,,,,,,,,,,,,,,,,,,
,,admin-pwd,value,Admin1234,tableName,SYSTEM_AUTHENTICATION,method,POST,46,access,POST,admin,socketFilter,1,filter,NONE,action,ADMIN_PWD,,,,,,,,,,,,,,,,,,,,,,,,,,,,,
,,user,value,user,tableName,SYSTEM_AUTHENTICATION,method,GET,47,POST,48,access,GET,user,POST,user,socketFilter,1,filter,NONE,action,USER_NAME,,,,,,,,,,,,,,,,,,,,,,,,,
,,user-pwd,value,User1234,tableName,SYSTEM_AUTHENTICATION,method,POST,49,access,POST,user,socketFilter,1,filter,NONE,action,USER_PWD,,,,,,,,,,,,,,,,,,,,,,,,,,,,,
,identification,id,value,DECODER001,tableName,SYSTEM_IDENTIFICATION,method,GET,50,access,GET,user,socketFilter,0,flags,GET,0,filter,NONE,,,,,,,,,,,,,,,,,,,,,,,,,,,,
,video-mode,enable-3d,value,0,tableName,SYSTEM_VIDEO-MODE,method,GET,51,POST,52,access,GET,user,POST,user,socketFilter,0,flags,GET,0,POST,0,filter,MIN,MAX,NONE,MIN,0,MAX,1,,,,,,,,,,,,,,,,
,config-file,upload,value,config.csv,tableName,SYSTEM_CONFIG-FILE,method,POST,53,access,POST,admin,socketFilter,0,flags,POST,0,filter,NONE,,,,,,,,,,,,,,,,,,,,,,,,,,,,
,,download,value,SUCCESS,tableName,SYSTEM_CONFIG-FILE,method,POST,54,access,POST,user,socketFilter,0,flags,POST,0,filter,NONE,,,,,,,,,,,,,,,,,,,,,,,,,,,,
,,delete,value,config.csv,tableName,SYSTEM_CONFIG-FILE,method,POST,55,access,POST,admin,socketFilter,0,flags,POST,0,filter,NONE,,,,,,,,,,,,,,,,,,,,,,,,,,,,
,,update,value,1,tableName,SYSTEM_CONFIG-FILE,method,POST,56,access,POST,admin,socketFilter,0,flags,POST,0,filter,NONE,,,,,,,,,,,,,,,,,,,,,,,,,,,,
,mdns,add-key,value,SYSTEM_MDNS_ADD-KEY,tableName,SYSTEM_MDNS,method,POST,57,access,POST,user,socketFilter,1,array,key,data-value,END,action,ADD_RECORD,,,,,,,,,,,,,,,,,,,,,,,,,,,
,,,key,value,id,tableName,SYSTEM_MDNS_ADD-KEY,method,POST,57,access,POST,user,socketFilter,1,filter,NONE,action,ADD_RECORD,,,,,,,,,,,,,,,,,,,,,,,,,,,,
,,,data-value,value,DECODER002,tableName,SYSTEM_MDNS_ADD-KEY,method,POST,57,access,POST,user,socketFilter,1,filter,NONE,action,ADD_RECORD,,,,,,,,,,,,,,,,,,,,,,,,,,,,
,,delete-key,value,id,tableName,SYSTEM_MDNS,method,POST,58,access,POST,user,socketFilter,1,filter,NONE,action,DELETE_RECORD,,,,,,,,,,,,,,,,,,,,,,,,,,,,,
,,read-key,value,id,tableName,SYSTEM_MDNS,method,GET,59,access,GET,user,socketFilter,1,filter,NONE,action,READ_RECORD,,,,,,,,,,,,,,,,,,,,,,,,,,,,,
,,edit-key,value,SYSTEM_MDNS_EDIT-KEY,tableName,SYSTEM_MDNS,method,POST,60,access,POST,user,socketFilter,1,array,key,data-value,END,action,EDIT_RECORD,,,,,,,,,,,,,,,,,,,,,,,,,,,
,,,key,value,id,tableName,SYSTEM_MDNS_EDIT-KEY,method,POST,60,access,POST,user,socketFilter,1,filter,NONE,action,EDIT_RECORD,,,,,,,,,,,,,,,,,,,,,,,,,,,,
,,,data-value,value,DECODER001,tableName,SYSTEM_MDNS_EDIT-KEY,method,POST,60,access,POST,user,socketFilter,1,filter,NONE,action,EDIT_RECORD,,,,,,,,,,,,,,,,,,,,,,,,,,,,
,misc,board-type,value,11,tableName,SYSTEM_MISC,method,GET,61,access,GET,user,socketFilter,0,flags,GET,0,filter,LIST,NONE,LIST,0,1,10,11,END,,,,,,,,,,,,,,,,,,,,,
,,led-on-time,value,50,tableName,SYSTEM_MISC,method,GET,62,POST,63,access,GET,user,POST,user,socketFilter,0,flags,GET,0,POST,0,filter,MIN,MAX,NONE,MIN,0,MAX,1,,,,,,,,,,,,,,,,
,,led-off-time,value,50,tableName,SYSTEM_MISC,method,GET,64,POST,65,access,GET,user,POST,user,socketFilter,0,flags,GET,0,POST,0,filter,MIN,MAX,NONE,MIN,0,MAX,1,,,,,,,,,,,,,,,,
,,http-mode,value,1,tableName,SYSTEM_MISC,method,GET,66,POST,67,access,GET,user,POST,user,socketFilter,1,flags,GET,0,POST,0,filter,MIN,MAX,NONE,MIN,0,MAX,1,action,HTTP_SWITCH,,,,,,,,,,,,,,
,,enable-encryption,value,0,tableName,SYSTEM_MISC,method,GET,68,POST,69,access,GET,user,POST,user,socketFilter,1,flags,GET,0,POST,0,filter,MIN,MAX,NONE,MIN,0,MAX,1,action,ENCRYPT_DECRYPT,,,,,,,,,,,,,,
,,rtc,value,SYSTEM_MISC_RTC,tableName,SYSTEM_MISC,method,GET,70,POST,71,access,GET,admin,POST,admin,socketFilter,0,flags,GET,0,POST,0,array,year,month,day,hour,min,sec,END,getArray,77,79,81,83,85,87,END,postArray,78,80,82,84,86,88,END
,,,year,value,2015,tableName,SYSTEM_MISC_RTC,method,GET,70,POST,71,access,GET,admin,POST,admin,socketFilter,0,flags,GET,1,POST,1,filter,MIN,MAX,NONE,MIN,1970,MAX,2050,,,,,,,,,,,,,,,
,,,month,value,6,tableName,SYSTEM_MISC_RTC,method,GET,70,POST,71,access,GET,admin,POST,admin,socketFilter,0,flags,GET,2,POST,2,filter,MIN,MAX,NONE,MIN,1,MAX,12,,,,,,,,,,,,,,,
,,,day,value,27,tableName,SYSTEM_MISC_RTC,method,GET,70,POST,71,access,GET,admin,POST,admin,socketFilter,0,flags,GET,4,POST,4,filter,MIN,MAX,NONE,MIN,1,MAX,31,,,,,,,,,,,,,,,
,,,hour,value,14,tableName,SYSTEM_MISC_RTC,method,GET,70,POST,71,access,GET,admin,POST,admin,socketFilter,0,flags,GET,8,POST,8,filter,MIN,MAX,NONE,MIN,0,MAX,23,,,,,,,,,,,,,,,
,,,min,value,46,tableName,SYSTEM_MISC_RTC,method,GET,70,POST,71,access,GET,admin,POST,admin,socketFilter,0,flags,GET,16,POST,16,filter,MIN,MAX,NONE,MIN,0,MAX,59,,,,,,,,,,,,,,,
,,,sec,value,10,tableName,SYSTEM_MISC_RTC,method,GET,70,POST,71,access,GET,admin,POST,admin,socketFilter,0,flags,GET,32,POST,32,filter,MIN,MAX,NONE,MIN,0,MAX,59,,,,,,,,,,,,,,,
,,ftp-mode,value,2,tableName,SYSTEM_MISC,method,GET,72,POST,73,access,GET,user,POST,user,socketFilter,0,flags,GET,0,POST,0,filter,MIN,MAX,NONE,MIN,1,MAX,2,,,,,,,,,,,,,,,,
video,input,streams,value,2,tableName,VIDEO_INPUT,method,GET,101,access,GET,user,socketFilter,0,flags,GET,0,filter,NONE,,,,,,,,,,,,,,,,,,,,,,,,,,,,
,,resolution,value,1080p,tableName,VIDEO_INPUT,method,GET,102,access,GET,user,socketFilter,0,flags,GET,0,filter,NONE,,,,,,,,,,,,,,,,,,,,,,,,,,,,
,,frame-rate,value,30,tableName,VIDEO_INPUT,method,GET,103,access,GET,user,socketFilter,0,flags,GET,0,filter,NONE,,,,,,,,,,,,,,,,,,,,,,,,,,,,
,,valid-input,value,1,tableName,VIDEO_INPUT,method,GET,104,access,GET,user,socketFilter,0,flags,GET,0,filter,NONE,,,,,,,,,,,,,,,,,,,,,,,,,,,,
,,buffer-type,value,1,tableName,VIDEO_INPUT,method,GET,105,POST,106,access,GET,user,POST,user,socketFilter,0,flags,GET,0,POST,0,filter,MIN,MAX,NONE,MIN,0,MAX,1,,,,,,,,,,,,,,,,
,,buffer-delay,value,500,tableName,VIDEO_INPUT,method,GET,107,POST,108,access,GET,user,POST,user,socketFilter,0,flags,GET,0,POST,0,filter,MIN,MAX,NONE,MIN,0,MAX,500,,,,,,,,,,,,,,,,
,,hqll-mult-ip-addr,value,VIDEO_INPUT_HQLL-MULTI-IP-ADDR,tableName,VIDEO_INPUT,method,GET,109,POST,110,access,GET,user,POST,user,socketFilter,0,flags,GET,3,POST,3,array,ip-addr,port,END,getArray,112,114,END,postArray,113,115,END,,,,,,,,,,,,
,,,ip-addr,value,232.0.5.1,tableName,VIDEO_INPUT_HQLL-MULTI-IP-ADDR,method,GET,109,POST,110,access,GET,user,POST,user,socketFilter,0,flags,GET,1,POST,1,filter,TYPE,NONE,TYPE,IPAddress,END,,,,,,,,,,,,,,,,,
,,,port,value,12100,tableName,VIDEO_INPUT_HQLL-MULTI-IP-ADDR,method,GET,109,POST,110,access,GET,user,POST,user,socketFilter,0,flags,GET,2,POST,2,filter,NONE,,,,,,,,,,,,,,,,,,,,,
,,es-mult-ip-addr,value,VIDEO_INPUT_ES-MULTI-IP-ADDR,tableName,VIDEO_INPUT,method,GET,111,POST,112,access,GET,user,POST,user,socketFilter,0,flags,GET,3,POST,3,array,ip-addr,port,END,getArray,118,120,END,postArray,119,121,END,,,,,,,,,,,,
,,,ip-addr,value,232.0.5.1,tableName,VIDEO_INPUT_ES-MULTI-IP-ADDR,method,GET,111,POST,112,access,GET,user,POST,user,socketFilter,0,flags,GET,1,POST,1,filter,TYPE,NONE,TYPE,IPAddress,END,,,,,,,,,,,,,,,,,
,,,port,value,12200,tableName,VIDEO_INPUT_ES-MULTI-IP-ADDR,method,GET,111,POST,112,access,GET,user,POST,user,socketFilter,0,flags,GET,2,POST,2,filter,NONE,,,,,,,,,,,,,,,,,,,,,
,,mute,value,0,tableName,VIDEO_INPUT,method,GET,113,POST,114,access,GET,user,POST,user,socketFilter,0,flags,GET,0,POST,0,filter,MIN,MAX,NONE,MIN,0,MAX,1,,,,,,,,,,,,,,,,
,output,videos,value,1,tableName,VIDEO_OUTPUT,method,GET,115,access,GET,user,socketFilter,0,flags,GET,0,filter,NONE,,,,,,,,,,,,,,,,,,,,,,,,,,,,
,,resolution,value,720p,tableName,VIDEO_OUTPUT,method,GET,116,access,GET,user,socketFilter,0,flags,GET,0,filter,NONE,,,,,,,,,,,,,,,,,,,,,,,,,,,,
,,cable-presence,value,0,tableName,VIDEO_INPUT,method,GET,117,access,GET,user,socketFilter,0,flags,GET,0,filter,NONE,,,,,,,,,,,,,,,,,,,,,,,,,,,,
,,frame-rate,value,30,tableName,VIDEO_OUTPUT,method,GET,118,access,GET,user,socketFilter,0,flags,GET,0,filter,NONE,,,,,,,,,,,,,,,,,,,,,,,,,,,,
,,edid,value,77AABBCCDDEEFF,tableName,VIDEO_OUTPUT,method,GET,119,access,GET,user,socketFilter,0,flags,GET,0,filter,NONE,,,,,,,,,,,,,,,,,,,,,,,,,,,,
comp-layout,feature-enable,value,1,tableName,COMP-LAYOUT,method,GET,201,POST,202,access,GET,admin,POST,admin,socketFilter,0,flags,GET,0,POST,0,filter,MIN,MAX,NONE,MIN,0,MAX,1,,,,,,,,,,,,,,,,,
,available-layout,value,1,tableName,COMP-LAYOUT,method,GET,203,access,GET,user,socketFilter,0,flags,GET,0,filter,MIN,MAX,NONE,MIN,1,MAX,2,,,,,,,,,,,,,,,,,,,,,,,
,enable-pip,value,0,tableName,COMP-LAYOUT,method,GET,204,POST,205,access,GET,user,POST,user,socketFilter,0,flags,GET,0,POST,0,filter,MIN,MAX,NONE,MIN,0,MAX,1,,,,,,,,,,,,,,,,,
,pip-loc,value,COMP-LAYOUT_PIP-LOC,tableName,COMP-LAYOUT,method,GET,206,POST,207,access,GET,user,POST,user,socketFilter,0,flags,GET,3,POST,3,array,x-location,y-location,END,getArray,158,160,END,postArray,159,161,END,,,,,,,,,,,,,
,,x-location,value,100,tableName,COMP-LAYOUT_PIP-LOC,method,GET,206,POST,207,access,GET,user,POST,user,socketFilter,0,flags,GET,1,POST,1,filter,MIN,MAX,NONE,MIN,0,MAX,1,,,,,,,,,,,,,,,,
,,y-location,value,100,tableName,COMP-LAYOUT_PIP-LOC,method,GET,206,POST,207,access,GET,user,POST,user,socketFilter,0,flags,GET,2,POST,2,filter,MIN,MAX,NONE,MIN,0,MAX,1,,,,,,,,,,,,,,,,
,enable-pap,value,0,tableName,COMP-LAYOUT,method,GET,208,POST,209,access,GET,user,POST,user,socketFilter,0,flags,GET,0,POST,0,filter,MIN,MAX,NONE,MIN,0,MAX,1,,,,,,,,,,,,,,,,,
,swap-pap,value,0,tableName,COMP-LAYOUT,method,POST,210,access,POST,user,socketFilter,0,flags,POST,0,filter,LIST,NONE,LIST,1,END,MIN,0,MAX,1,,,,,,,,,,,,,,,,,,,,,
,enable-es-full-screen,value,0,tableName,COMP-LAYOUT,method,GET,211,POST,212,access,GET,user,POST,user,socketFilter,0,flags,GET,0,POST,0,filter,MIN,MAX,NONE,MIN,0,MAX,1,,,,,,,,,,,,,,,,,
overlay,feature-enable,value,1,tableName,OVERLAY,method,GET,301,POST,302,access,GET,admin,POST,admin,socketFilter,0,flags,GET,0,POST,0,filter,MIN,MAX,NONE,MIN,0,MAX,1,,,,,,,,,,,,,,,,,
,max-images,value,5,tableName,OVERLAY,method,GET,303,POST,304,access,GET,user,POST,user,socketFilter,0,flags,GET,0,POST,0,filter,MIN,MAX,NONE,MIN,1,MAX,5,,,,,,,,,,,,,,,,,
,max-upload-images,value,5,tableName,OVERLAY,method,GET,305,POST,306,access,GET,user,POST,user,socketFilter,0,flags,GET,0,POST,0,filter,MIN,MAX,NONE,MIN,1,MAX,9,,,,,,,,,,,,,,,,,
,enable,value,1,tableName,OVERLAY,method,GET,307,POST,308,access,GET,user,POST,user,socketFilter,0,flags,GET,0,POST,0,filter,MIN,MAX,NONE,MIN,0,MAX,1,,,,,,,,,,,,,,,,,
,upload-image,value,OVERLAY_UPLOAD-IMAGE,tableName,OVERLAY,method,POST,309,access,GET,user,POST,user,socketFilter,0,flags,POST,31,array,file-name,location,id,height,width,END,postArray,208,329,209,210,211,END,,,,,,,,,,,,,,,
,,file-name,value,overlay.jpg,tableName,OVERLAY_UPLOAD-IMAGE,method,POST,309,access,POST,user,socketFilter,0,flags,POST,1,filter,NONE,,,,,,,,,,,,,,,,,,,,,,,,,,,,
,,location,value,location,tableName,OVERLAY_UPLOAD-IMAGE,method,POST,309,access,POST,user,socketFilter,0,flags,POST,2,filter,NONE,,,,,,,,,,,,,,,,,,,,,,,,,,,,
,,id,value,overlay001,tableName,OVERLAY_UPLOAD-IMAGE,method,POST,309,access,POST,user,socketFilter,0,flags,POST,4,filter,MIN,MAX,NONE,MIN,0,MAX,,,,,,,,,,,,,,,,,,,,,,,
,,height,value,100,tableName,OVERLAY_UPLOAD-IMAGE,method,POST,309,access,POST,user,socketFilter,0,flags,POST,8,filter,MIN,MAX,NONE,MIN,1,MAX,,,,,,,,,,,,,,,,,,,,,,,
,,width,value,100,tableName,OVERLAY_UPLOAD-IMAGE,method,POST,309,access,POST,user,socketFilter,0,flags,POST,16,filter,MIN,MAX,NONE,MIN,1,MAX,,,,,,,,,,,,,,,,,,,,,,,
,upload-mute-image,value,OVERLAY_UPLOAD-MUTE-IMAGE,tableName,OVERLAY,method,POST,310,access,POST,user,socketFilter,0,flags,POST,15,array,file-name,location,height,width,END,postArray,213,330,214,215,END,,,,,,,,,,,,,,,,,,,
,,file-name,value,mute.jpg,tableName,OVERLAY_UPLOAD-MUTE-IMAGE,method,POST,310,access,POST,user,socketFilter,0,flags,POST,1,filter,NONE,,,,,,,,,,,,,,,,,,,,,,,,,,,,
,,location,value,location,tableName,OVERLAY_UPLOAD-MUTE-IMAGE,method,POST,310,access,POST,user,socketFilter,0,flags,POST,2,filter,NONE,,,,,,,,,,,,,,,,,,,,,,,,,,,,
,,height,value,100,tableName,OVERLAY_UPLOAD-MUTE-IMAGE,method,POST,310,access,POST,user,socketFilter,0,flags,POST,4,filter,MIN,MAX,NONE,MIN,1,MAX,1079,,,,,,,,,,,,,,,,,,,,,,
,,width,value,100,tableName,OVERLAY_UPLOAD-MUTE-IMAGE,method,POST,310,access,POST,user,socketFilter,0,flags,POST,8,filter,MIN,MAX,NONE,MIN,1,MAX,1919,,,,,,,,,,,,,,,,,,,,,,
,del-image,value,ID001,tableName,OVERLAY,method,POST,311,access,POST,user,socketFilter,0,flags,POST,0,filter,NONE,,,,,,,,,,,,,,,,,,,,,,,,,,,,,
,0,image-params,value,OVERLAY_0_IMAGE-PARAMS,tableName,OVERLAY_0,method,GET,312,POST,313,access,GET,user,POST,user,socketFilter,0,flags,GET,31,POST,7,array,x-location,y-location,enable,END,getArray,222,224,226,228,230,END,postArray,223,225,227,END,,,,,,,
,,,x-location,value,100,tableName,OVERLAY_0_IMAGE-PARAMS,method,GET,312,POST,313,access,GET,user,POST,user,socketFilter,0,flags,GET,1,POST,1,filter,MIN,MAX,NONE,MIN,0,MAX,1919,,,,,,,,,,,,,,,
,,,y-location,value,100,tableName,OVERLAY_0_IMAGE-PARAMS,method,GET,312,POST,313,access,GET,user,POST,user,socketFilter,0,flags,GET,2,POST,2,filter,MIN,MAX,NONE,MIN,0,MAX,1079,,,,,,,,,,,,,,,
,,,enable,value,0,tableName,OVERLAY_0_IMAGE-PARAMS,method,GET,312,POST,313,access,GET,user,POST,user,socketFilter,0,flags,GET,4,POST,4,filter,MIN,MAX,NONE,MIN,0,MAX,1,,,,,,,,,,,,,,,
,,,height,value,200,tableName,OVERLAY_0_IMAGE-PARAMS,method,GET,312,access,GET,user,socketFilter,0,flags,GET,8,filter,MIN,MAX,NONE,MIN,0,MAX,1079,,,,,,,,,,,,,,,,,,,,,
,,,width,value,200,tableName,OVERLAY_0_IMAGE-PARAMS,method,GET,312,access,GET,user,socketFilter,0,flags,GET,16,filter,MIN,MAX,NONE,MIN,0,MAX,1919,,,,,,,,,,,,,,,,,,,,,
,1,image-params,value,OVERLAY_1_IMAGE-PARAMS,tableName,OVERLAY_1,method,GET,314,POST,315,access,GET,user,POST,user,socketFilter,0,flags,GET,31,POST,7,array,x-location,y-location,enable,END,getArray,236,238,240,242,244,END,postArray,237,239,241,END,,,,,,,
,,,x-location,value,100,tableName,OVERLAY_1_IMAGE-PARAMS,method,GET,314,POST,315,access,GET,user,POST,user,socketFilter,0,flags,GET,1,POST,1,filter,MIN,MAX,NONE,MIN,0,MAX,1919,,,,,,,,,,,,,,,
,,,y-location,value,100,tableName,OVERLAY_1_IMAGE-PARAMS,method,GET,314,POST,315,access,GET,user,POST,user,socketFilter,0,flags,GET,2,POST,2,filter,MIN,MAX,NONE,MIN,0,MAX,1079,,,,,,,,,,,,,,,
,,,enable,value,1,tableName,OVERLAY_1_IMAGE-PARAMS,method,GET,314,POST,315,access,GET,user,POST,user,socketFilter,0,flags,GET,4,POST,4,filter,MIN,MAX,NONE,MIN,0,MAX,1,,,,,,,,,,,,,,,
,,,height,value,200,tableName,OVERLAY_1_IMAGE-PARAMS,method,GET,314,access,GET,user,socketFilter,0,flags,GET,8,filter,MIN,MAX,NONE,MIN,0,MAX,1079,,,,,,,,,,,,,,,,,,,,,
,,,width,value,200,tableName,OVERLAY_1_IMAGE-PARAMS,method,GET,314,access,GET,user,socketFilter,0,flags,GET,16,filter,MIN,MAX,NONE,MIN,0,MAX,1919,,,,,,,,,,,,,,,,,,,,,
,2,image-params,value,OVERLAY_2_IMAGE-PARAMS,tableName,OVERLAY_2,method,GET,316,POST,317,access,GET,user,POST,user,socketFilter,0,flags,GET,31,POST,7,array,x-location,y-location,enable,END,getArray,250,252,254,256,258,END,postArray,251,253,255,END,,,,,,,
,,,x-location,value,100,tableName,OVERLAY_2_IMAGE-PARAMS,method,GET,316,POST,317,access,GET,user,POST,user,socketFilter,0,flags,GET,1,POST,1,filter,MIN,MAX,NONE,MIN,0,MAX,1919,,,,,,,,,,,,,,,
,,,y-location,value,100,tableName,OVERLAY_2_IMAGE-PARAMS,method,GET,316,POST,317,access,GET,user,POST,user,socketFilter,0,flags,GET,2,POST,2,filter,MIN,MAX,NONE,MIN,0,MAX,1079,,,,,,,,,,,,,,,
,,,enable,value,1,tableName,OVERLAY_2_IMAGE-PARAMS,method,GET,316,POST,317,access,GET,user,POST,user,socketFilter,0,flags,GET,4,POST,4,filter,MIN,MAX,NONE,MIN,0,MAX,1,,,,,,,,,,,,,,,
,,,height,value,200,tableName,OVERLAY_2_IMAGE-PARAMS,method,GET,316,access,GET,user,socketFilter,0,flags,GET,8,filter,MIN,MAX,NONE,MIN,0,MAX,1079,,,,,,,,,,,,,,,,,,,,,
,,,width,value,200,tableName,OVERLAY_2_IMAGE-PARAMS,method,GET,316,access,GET,user,socketFilter,0,flags,GET,16,filter,MIN,MAX,NONE,MIN,0,MAX,1919,,,,,,,,,,,,,,,,,,,,,
,3,image-params,value,OVERLAY_3_IMAGE-PARAMS,tableName,OVERLAY_3,method,GET,318,POST,319,access,GET,user,POST,user,socketFilter,0,flags,GET,31,POST,7,array,x-location,y-location,enable,END,getArray,264,266,268,270,272,END,postArray,265,267,269,END,,,,,,,
,,,x-location,value,100,tableName,OVERLAY_3_IMAGE-PARAMS,method,GET,318,POST,319,access,GET,user,POST,user,socketFilter,0,flags,GET,1,POST,1,filter,MIN,MAX,NONE,MIN,0,MAX,1919,,,,,,,,,,,,,,,
,,,y-location,value,100,tableName,OVERLAY_3_IMAGE-PARAMS,method,GET,318,POST,319,access,GET,user,POST,user,socketFilter,0,flags,GET,2,POST,2,filter,MIN,MAX,NONE,MIN,0,MAX,1079,,,,,,,,,,,,,,,
,,,enable,value,1,tableName,OVERLAY_3_IMAGE-PARAMS,method,GET,318,POST,319,access,GET,user,POST,user,socketFilter,0,flags,GET,4,POST,4,filter,MIN,MAX,NONE,MIN,0,MAX,1,,,,,,,,,,,,,,,
,,,height,value,200,tableName,OVERLAY_3_IMAGE-PARAMS,method,GET,318,access,GET,user,socketFilter,0,flags,GET,8,filter,MIN,MAX,NONE,MIN,0,MAX,1079,,,,,,,,,,,,,,,,,,,,,
,,,width,value,200,tableName,OVERLAY_3_IMAGE-PARAMS,method,GET,318,access,GET,user,socketFilter,0,flags,GET,16,filter,MIN,MAX,NONE,MIN,0,MAX,1919,,,,,,,,,,,,,,,,,,,,,
,4,image-params,value,OVERLAY_4_IMAGE-PARAMS,tableName,OVERLAY_4,method,GET,320,POST,321,access,GET,user,POST,user,socketFilter,0,flags,GET,31,POST,7,array,x-location,y-location,enable,END,getArray,278,280,282,284,286,END,postArray,279,281,283,END,,,,,,,
,,,x-location,value,100,tableName,OVERLAY_4_IMAGE-PARAMS,method,GET,320,POST,321,access,GET,user,POST,user,socketFilter,0,flags,GET,1,POST,1,filter,MIN,MAX,NONE,MIN,0,MAX,1919,,,,,,,,,,,,,,,
,,,y-location,value,100,tableName,OVERLAY_4_IMAGE-PARAMS,method,GET,320,POST,321,access,GET,user,POST,user,socketFilter,0,flags,GET,2,POST,2,filter,MIN,MAX,NONE,MIN,0,MAX,1079,,,,,,,,,,,,,,,
,,,enable,value,1,tableName,OVERLAY_4_IMAGE-PARAMS,method,GET,320,POST,321,access,GET,user,POST,user,socketFilter,0,flags,GET,4,POST,4,filter,MIN,MAX,NONE,MIN,0,MAX,1,,,,,,,,,,,,,,,
,,,height,value,200,tableName,OVERLAY_4_IMAGE-PARAMS,method,GET,320,access,GET,user,socketFilter,0,flags,GET,8,filter,MIN,MAX,NONE,MIN,0,MAX,1079,,,,,,,,,,,,,,,,,,,,,
,,,width,value,200,tableName,OVERLAY_4_IMAGE-PARAMS,method,GET,320,access,GET,user,socketFilter,0,flags,GET,16,filter,MIN,MAX,NONE,MIN,0,MAX,1919,,,,,,,,,,,,,,,,,,,,,
,5,image-params,value,OVERLAY_5_IMAGE-PARAMS,tableName,OVERLAY_5,method,GET,322,POST,323,access,GET,user,POST,user,socketFilter,0,flags,GET,31,POST,7,array,x-location,y-location,enable,END,getArray,292,294,296,298,300,END,postArray,293,295,297,END,,,,,,,
,,,x-location,value,100,tableName,OVERLAY_5_IMAGE-PARAMS,method,GET,322,POST,323,access,GET,user,POST,user,socketFilter,0,flags,GET,1,POST,1,filter,MIN,MAX,NONE,MIN,0,MAX,1919,,,,,,,,,,,,,,,
,,,y-location,value,100,tableName,OVERLAY_5_IMAGE-PARAMS,method,GET,322,POST,323,access,GET,user,POST,user,socketFilter,0,flags,GET,2,POST,2,filter,MIN,MAX,NONE,MIN,0,MAX,1079,,,,,,,,,,,,,,,
,,,enable,value,1,tableName,OVERLAY_5_IMAGE-PARAMS,method,GET,322,POST,323,access,GET,user,POST,user,socketFilter,0,flags,GET,4,POST,4,filter,MIN,MAX,NONE,MIN,0,MAX,1,,,,,,,,,,,,,,,
,,,height,value,200,tableName,OVERLAY_5_IMAGE-PARAMS,method,GET,322,access,GET,user,socketFilter,0,flags,GET,8,filter,MIN,MAX,NONE,MIN,0,MAX,1079,,,,,,,,,,,,,,,,,,,,,
,,,width,value,200,tableName,OVERLAY_5_IMAGE-PARAMS,method,GET,322,access,GET,user,socketFilter,0,flags,GET,16,filter,MIN,MAX,NONE,MIN,0,MAX,1919,,,,,,,,,,,,,,,,,,,,,
,6,image-params,value,OVERLAY_6_IMAGE-PARAMS,tableName,OVERLAY_6,method,GET,324,POST,325,access,GET,user,POST,user,socketFilter,0,flags,GET,31,POST,7,array,x-location,y-location,enable,END,getArray,306,308,310,312,314,END,postArray,307,309,311,END,,,,,,,
,,,x-location,value,100,tableName,OVERLAY_6_IMAGE-PARAMS,method,GET,324,POST,325,access,GET,user,POST,user,socketFilter,0,flags,GET,1,POST,1,filter,MIN,MAX,NONE,MIN,0,MAX,1919,,,,,,,,,,,,,,,
,,,y-location,value,100,tableName,OVERLAY_6_IMAGE-PARAMS,method,GET,324,POST,325,access,GET,user,POST,user,socketFilter,0,flags,GET,2,POST,2,filter,MIN,MAX,NONE,MIN,0,MAX,1079,,,,,,,,,,,,,,,
,,,enable,value,1,tableName,OVERLAY_6_IMAGE-PARAMS,method,GET,324,POST,325,access,GET,user,POST,user,socketFilter,0,flags,GET,4,POST,4,filter,MIN,MAX,NONE,MIN,0,MAX,1,,,,,,,,,,,,,,,
,,,height,value,200,tableName,OVERLAY_6_IMAGE-PARAMS,method,GET,324,access,GET,user,socketFilter,0,flags,GET,8,filter,MIN,MAX,NONE,MIN,0,MAX,1079,,,,,,,,,,,,,,,,,,,,,
,,,width,value,200,tableName,OVERLAY_6_IMAGE-PARAMS,method,GET,324,access,GET,user,socketFilter,0,flags,GET,16,filter,MIN,MAX,NONE,MIN,0,MAX,1919,,,,,,,,,,,,,,,,,,,,,
,7,image-params,value,OVERLAY_7_IMAGE-PARAMS,tableName,OVERLAY_7,method,GET,326,POST,327,access,GET,user,POST,user,socketFilter,0,flags,GET,31,POST,7,array,x-location,y-location,enable,END,getArray,320,322,324,326,328,END,postArray,321,323,325,END,,,,,,,
,,,x-location,value,100,tableName,OVERLAY_7_IMAGE-PARAMS,method,GET,326,POST,327,access,GET,user,POST,user,socketFilter,0,flags,GET,1,POST,1,filter,MIN,MAX,NONE,MIN,0,MAX,1919,,,,,,,,,,,,,,,
,,,y-location,value,100,tableName,OVERLAY_7_IMAGE-PARAMS,method,GET,326,POST,327,access,GET,user,POST,user,socketFilter,0,flags,GET,2,POST,2,filter,MIN,MAX,NONE,MIN,0,MAX,1079,,,,,,,,,,,,,,,
,,,enable,value,1,tableName,OVERLAY_7_IMAGE-PARAMS,method,GET,326,POST,327,access,GET,user,POST,user,socketFilter,0,flags,GET,4,POST,4,filter,MIN,MAX,NONE,MIN,0,MAX,1,,,,,,,,,,,,,,,
,,,height,value,200,tableName,OVERLAY_7_IMAGE-PARAMS,method,GET,326,access,GET,user,socketFilter,0,flags,GET,8,filter,MIN,MAX,NONE,MIN,0,MAX,1079,,,,,,,,,,,,,,,,,,,,,
,,,width,value,200,tableName,OVERLAY_7_IMAGE-PARAMS,method,GET,326,access,GET,user,socketFilter,0,flags,GET,16,filter,MIN,MAX,NONE,MIN,0,MAX,1919,,,,,,,,,,,,,,,,,,,,,
audio,input,valid-input,value,1,tableName,AUDIO_INPUT,method,GET,401,access,GET,user,socketFilter,0,flags,GET,0,POST,0,filter,MIN,MAX,NONE,MIN,0,MAX,1,,,,,,,,,,,,,,,,,,,,
,,enable-rx,value,1,tableName,AUDIO_INPUT,method,GET,402,POST,403,access,GET,user,POST,user,socketFilter,0,flags,GET,0,POST,0,filter,MIN,MAX,NONE,MIN,0,MAX,1,,,,,,,,,,,,,,,,
,,fine-gain,value,2,tableName,AUDIO_INPUT,method,GET,404,POST,405,access,GET,user,POST,user,socketFilter,0,flags,GET,0,POST,0,filter,MIN,MAX,NONE,MIN,0,MAX,1,,,,,,,,,,,,,,,,
,,coarse-gain,value,25,tableName,AUDIO_INPUT,method,GET,406,POST,407,access,GET,user,POST,user,socketFilter,0,flags,GET,0,POST,0,filter,MIN,MAX,NONE,MIN,0,MAX,25,,,,,,,,,,,,,,,,
,,mute,value,0,tableName,AUDIO_INPUT,method,GET,408,POST,409,access,GET,user,POST,user,socketFilter,0,flags,GET,0,POST,0,filter,MIN,MAX,NONE,MIN,0,MAX,1,,,,,,,,,,,,,,,,
,,loop-back,value,0,tableName,AUDIO_INPUT,method,GET,410,POST,411,access,GET,user,POST,user,socketFilter,0,flags,GET,0,POST,0,filter,MIN,MAX,NONE,MIN,0,MAX,1,,,,,,,,,,,,,,,,
,,rx-mult-ip-addr,value,AUDIO_INPUT_RX-MULT-IP-ADDR,tableName,AUDIO_INPUT,method,GET,412,POST,413,access,GET,user,POST,user,socketFilter,0,flags,GET,3,POST,3,array,ip-addr,port,END,getArray,364,366,END,postArray,365,367,END,,,,,,,,,,,,
,,,ip-addr,value,232.0.5.1,tableName,AUDIO_INPUT_RX-MULT-IP-ADDR,method,GET,412,POST,413,access,GET,user,POST,user,socketFilter,0,flags,GET,1,POST,1,filter,TYPE,NONE,TYPE,IPAddress,END,,,,,,,,,,,,,,,,,
,,,port,value,13100,tableName,AUDIO_INPUT_RX-MULT-IP-ADDR,method,GET,412,POST,413,access,GET,user,POST,user,socketFilter,0,flags,GET,2,POST,2,filter,NONE,,,,,,,,,,,,,,,,,,,,,
,output,enable-tx,value,1,tableName,AUDIO_OUTPUT,method,GET,414,POST,415,access,GET,user,POST,user,socketFilter,0,flags,GET,0,POST,0,filter,MIN,MAX,NONE,MIN,0,MAX,1,,,,,,,,,,,,,,,,
,,tx-mult-ip-addr,value,AUDIO_OUTPUT_TX-MULT-IP-ADDR,tableName,AUDIO_OUTPUT,method,GET,416,POST,417,access,GET,user,POST,user,socketFilter,0,flags,GET,3,POST,3,array,ip-addr,port,END,getArray,372,374,END,postArray,373,375,END,,,,,,,,,,,,
,,,ip-addr,value,232.0.5.1,tableName,AUDIO_OUTPUT_TX-MULT-IP-ADDR,method,GET,416,POST,417,access,GET,user,POST,user,socketFilter,0,flags,GET,1,POST,1,filter,TYPE,NONE,TYPE,IPAddress,END,,,,,,,,,,,,,,,,,
,,,port,value,13200,tableName,AUDIO_OUTPUT_TX-MULT-IP-ADDR,method,GET,416,POST,417,access,GET,user,POST,user,socketFilter,0,flags,GET,2,POST,2,filter,NONE,,,,,,,,,,,,,,,,,,,,,
,,fine-gain,value,2,tableName,AUDIO_OUTPUT,method,GET,418,POST,419,access,GET,user,POST,user,socketFilter,0,flags,GET,0,POST,0,filter,MIN,MAX,NONE,MIN,0,MAX,1,,,,,,,,,,,,,,,,
,,coarse-gain,value,25,tableName,AUDIO_OUTPUT,method,GET,420,POST,421,access,GET,user,POST,user,socketFilter,0,flags,GET,0,POST,0,filter,MIN,MAX,NONE,MIN,0,MAX,1,,,,,,,,,,,,,,,,
,,mute,value,0,tableName,AUDIO_OUTPUT,method,GET,422,POST,423,access,GET,user,POST,user,socketFilter,0,flags,GET,0,POST,0,filter,MIN,MAX,NONE,MIN,0,MAX,1,,,,,,,,,,,,,,,,
,,fade,value,0,tableName,AUDIO_OUTPUT,method,GET,424,POST,425,access,GET,user,POST,user,socketFilter,0,flags,GET,0,POST,0,filter,MIN,MAX,NONE,MIN,0,MAX,1,,,,,,,,,,,,,,,,
kvm,feature-enable,value,1,tableName,KVM,method,GET,501,POST,502,access,GET,admin,POST,admin,socketFilter,0,flags,GET,0,POST,0,filter,MIN,MAX,NONE,MIN,0,MAX,1,,,,,,,,,,,,,,,,,
,usb-link-status,value,1,tableName,KVM,method,GET,503,access,GET,user,socketFilter,0,flags,GET,0,filter,NONE,,,,,,,,,,,,,,,,,,,,,,,,,,,,,
,enable,value,1,tableName,KVM,method,GET,504,POST,505,access,GET,user,POST,user,socketFilter,0,flags,GET,0,POST,0,filter,MIN,MAX,NONE,MIN,0,MAX,1,,,,,,,,,,,,,,,,,
,encoder,value,192.168.1.15,tableName,KVM,method,GET,506,POST,507,access,GET,user,POST,user,socketFilter,0,flags,GET,0,POST,0,filter,TYPE,NONE,TYPE,IPAddress,END,,,,,,,,,,,,,,,,,,,
,default-encoder,value,192.168.1.16,tableName,KVM,method,GET,508,POST,509,access,GET,user,POST,user,socketFilter,0,flags,GET,0,POST,0,filter,TYPE,NONE,TYPE,IPAddress,END,,,,,,,,,,,,,,,,,,,
,key-code,value,256,tableName,KVM,method,GET,510,POST,511,access,GET,user,POST,user,socketFilter,0,flags,GET,0,POST,0,filter,NONE,,,,,,,,,,,,,,,,,,,,,,,
rs232,feature-enable,value,1,tableName,RS232,method,GET,601,POST,602,access,GET,admin,POST,admin,socketFilter,0,flags,GET,0,POST,0,filter,NONE,,,,,,,,,,,,,,,,,,,,,,,
,get-devices,value,database_name,tableName,RS232,method,GET,603,access,GET,user,socketFilter,0,flags,GET,0,filter,NONE,,,,,,,,,,,,,,,,,,,,,,,,,,,,,
,0,open-connection,value,TTY0,tableName,RS232_0,method,POST,604,access,POST,user,socketFilter,0,flags,POST,0,filter,NONE,,,,,,,,,,,,,,,,,,,,,,,,,,,,
,,close-connection,value,TTY1,tableName,RS232_0,method,POST,605,access,POST,user,socketFilter,0,flags,POST,0,filter,NONE,,,,,,,,,,,,,,,,,,,,,,,,,,,,
,,flush,value,TTY2,tableName,RS232_0,method,POST,606,access,POST,user,socketFilter,0,flags,POST,0,filter,NONE,,,,,,,,,,,,,,,,,,,,,,,,,,,,
,,params,value,RS232_0_PARAMS,tableName,RS232_0,method,GET,607,POST,608,access,GET,user,POST,user,socketFilter,0,flags,GET,31,POST,31,array,baud-rate,data-bits,parity,stop-bit,flow-control,END,getArray,463,465,467,469,471,END,postArray,464,466,468,470,472,END,,,
,,,baud-rate,value,115200,tableName,RS232_0_PARAMS,method,GET,607,POST,608,access,GET,user,POST,user,socketFilter,0,flags,GET,1,POST,1,filter,NONE,,,,,,,,,,,,,,,,,,,,,
,,,data-bits,value,8,tableName,RS232_0_PARAMS,method,GET,607,POST,608,access,GET,user,POST,user,socketFilter,0,flags,GET,2,POST,2,filter,NONE,,,,,,,,,,,,,,,,,,,,,
,,,parity,value,even,tableName,RS232_0_PARAMS,method,GET,607,POST,608,access,GET,user,POST,user,socketFilter,0,flags,GET,4,POST,4,filter,NONE,,,,,,,,,,,,,,,,,,,,,
,,,stop-bit,value,1080p,tableName,RS232_0_PARAMS,method,GET,607,POST,608,access,GET,user,POST,user,socketFilter,0,flags,GET,8,POST,8,filter,NONE,,,,,,,,,,,,,,,,,,,,,
,,,flow-control,value,Hardware,tableName,RS232_0_PARAMS,method,GET,607,POST,608,access,GET,user,POST,user,socketFilter,0,flags,GET,16,POST,16,filter,NONE,,,,,,,,,,,,,,,,,,,,,
,,send,value,TTY0,tableName,RS232_0,method,POST,609,access,POST,user,socketFilter,0,flags,POST,0,filter,NONE,,,,,,,,,,,,,,,,,,,,,,,,,,,,
,,data-in-notification,value,0,tableName,RS232_0,method,GET,610,POST,611,access,GET,user,POST,user,socketFilter,0,flags,GET,0,POST,0,filter,NONE,,,,,,,,,,,,,,,,,,,,,,
,,read-existing,value,database_name,tableName,RS232_0,method,GET,612,access,GET,user,socketFilter,0,flags,GET,0,filter,NONE,,,,,,,,,,,,,,,,,,,,,,,,,,,,
,,read-line,value,database_name,tableName,RS232_0,method,GET,613,access,GET,user,socketFilter,0,flags,GET,0,filter,NONE,,,,,,,,,,,,,,,,,,,,,,,,,,,,
fpga-registers,0,value,0,tableName,FPGA-REGISTERS,method,GET,701,POST,702,access,GET,user,POST,user,socketFilter,1,flags,GET,0,POST,0,filter,NONE,action,FPGA_REGISTER,socketAction,FPGA_REGISTER,,,,,,,,,,,,,,,,,,,
,1,value,1,tableName,FPGA-REGISTERS,method,GET,701,POST,702,access,GET,user,POST,user,socketFilter,1,flags,GET,1,POST,1,filter,NONE,action,FPGA_REGISTER,socketAction,FPGA_REGISTER,,,,,,,,,,,,,,,,,,,
,2,value,2,tableName,FPGA-REGISTERS,method,GET,701,POST,702,access,GET,user,POST,user,socketFilter,1,flags,GET,2,POST,2,filter,NONE,action,FPGA_REGISTER,socketAction,FPGA_REGISTER,,,,,,,,,,,,,,,,,,,
,3,value,3,tableName,FPGA-REGISTERS,method,GET,701,POST,702,access,GET,user,POST,user,socketFilter,1,flags,GET,3,POST,3,filter,NONE,action,FPGA_REGISTER,socketAction,FPGA_REGISTER,,,,,,,,,,,,,,,,,,,
,4,value,4,tableName,FPGA-REGISTERS,method,GET,701,POST,702,access,GET,user,POST,user,socketFilter,1,flags,GET,4,POST,4,filter,NONE,action,FPGA_REGISTER,socketAction,FPGA_REGISTER,,,,,,,,,,,,,,,,,,,
,5,value,5,tableName,FPGA-REGISTERS,method,GET,701,POST,702,access,GET,user,POST,user,socketFilter,1,flags,GET,5,POST,5,filter,NONE,action,FPGA_REGISTER,socketAction,FPGA_REGISTER,,,,,,,,,,,,,,,,,,,
,6,value,6,tableName,FPGA-REGISTERS,method,GET,701,POST,702,access,GET,user,POST,user,socketFilter,1,flags,GET,6,POST,6,filter,NONE,action,FPGA_REGISTER,socketAction,FPGA_REGISTER,,,,,,,,,,,,,,,,,,,
,7,value,7,tableName,FPGA-REGISTERS,method,GET,701,POST,702,access,GET,user,POST,user,socketFilter,1,flags,GET,7,POST,7,filter,NONE,action,FPGA_REGISTER,socketAction,FPGA_REGISTER,,,,,,,,,,,,,,,,,,,
,8,value,8,tableName,FPGA-REGISTERS,method,GET,701,POST,702,access,GET,user,POST,user,socketFilter,1,flags,GET,8,POST,8,filter,NONE,action,FPGA_REGISTER,socketAction,FPGA_REGISTER,,,,,,,,,,,,,,,,,,,
,9,value,9,tableName,FPGA-REGISTERS,method,GET,701,POST,702,access,GET,user,POST,user,socketFilter,1,flags,GET,9,POST,9,filter,NONE,action,FPGA_REGISTER,socketAction,FPGA_REGISTER,,,,,,,,,,,,,,,,,,,
,10,value,10,tableName,FPGA-REGISTERS,method,GET,701,POST,702,access,GET,user,POST,user,socketFilter,1,flags,GET,10,POST,10,filter,NONE,action,FPGA_REGISTER,socketAction,FPGA_REGISTER,,,,,,,,,,,,,,,,,,,
,11,value,11,tableName,FPGA-REGISTERS,method,GET,701,POST,702,access,GET,user,POST,user,socketFilter,1,flags,GET,11,POST,11,filter,NONE,action,FPGA_REGISTER,socketAction,FPGA_REGISTER,,,,,,,,,,,,,,,,,,,
,12,value,12,tableName,FPGA-REGISTERS,method,GET,701,POST,702,access,GET,user,POST,user,socketFilter,1,flags,GET,12,POST,12,filter,NONE,action,FPGA_REGISTER,socketAction,FPGA_REGISTER,,,,,,,,,,,,,,,,,,,
,13,value,13,tableName,FPGA-REGISTERS,method,GET,701,POST,702,access,GET,user,POST,user,socketFilter,1,flags,GET,13,POST,13,filter,NONE,action,FPGA_REGISTER,socketAction,FPGA_REGISTER,,,,,,,,,,,,,,,,,,,
,14,value,14,tableName,FPGA-REGISTERS,method,GET,701,POST,702,access,GET,user,POST,user,socketFilter,1,flags,GET,14,POST,14,filter,NONE,action,FPGA_REGISTER,socketAction,FPGA_REGISTER,,,,,,,,,,,,,,,,,,,
,15,value,15,tableName,FPGA-REGISTERS,method,GET,701,POST,702,access,GET,user,POST,user,socketFilter,1,flags,GET,15,POST,15,filter,NONE,action,FPGA_REGISTER,socketAction,FPGA_REGISTER,,,,,,,,,,,,,,,,,,,
,16,value,16,tableName,FPGA-REGISTERS,method,GET,701,POST,702,access,GET,user,POST,user,socketFilter,1,flags,GET,16,POST,16,filter,NONE,action,FPGA_REGISTER,socketAction,FPGA_REGISTER,,,,,,,,,,,,,,,,,,,
,17,value,17,tableName,FPGA-REGISTERS,method,GET,701,POST,702,access,GET,user,POST,user,socketFilter,1,flags,GET,17,POST,17,filter,NONE,action,FPGA_REGISTER,socketAction,FPGA_REGISTER,,,,,,,,,,,,,,,,,,,
,18,value,18,tableName,FPGA-REGISTERS,method,GET,701,POST,702,access,GET,user,POST,user,socketFilter,1,flags,GET,18,POST,18,filter,NONE,action,FPGA_REGISTER,socketAction,FPGA_REGISTER,,,,,,,,,,,,,,,,,,,
,19,value,19,tableName,FPGA-REGISTERS,method,GET,701,POST,702,access,GET,user,POST,user,socketFilter,1,flags,GET,19,POST,19,filter,NONE,action,FPGA_REGISTER,socketAction,FPGA_REGISTER,,,,,,,,,,,,,,,,,,,
,20,value,20,tableName,FPGA-REGISTERS,method,GET,701,POST,702,access,GET,user,POST,user,socketFilter,1,flags,GET,20,POST,20,filter,NONE,action,FPGA_REGISTER,socketAction,FPGA_REGISTER,,,,,,,,,,,,,,,,,,,
,21,value,21,tableName,FPGA-REGISTERS,method,GET,701,POST,702,access,GET,user,POST,user,socketFilter,1,flags,GET,21,POST,21,filter,NONE,action,FPGA_REGISTER,socketAction,FPGA_REGISTER,,,,,,,,,,,,,,,,,,,
,22,value,22,tableName,FPGA-REGISTERS,method,GET,701,POST,702,access,GET,user,POST,user,socketFilter,1,flags,GET,22,POST,22,filter,NONE,action,FPGA_REGISTER,socketAction,FPGA_REGISTER,,,,,,,,,,,,,,,,,,,
,23,value,23,tableName,FPGA-REGISTERS,method,GET,701,POST,702,access,GET,user,POST,user,socketFilter,1,flags,GET,23,POST,23,filter,NONE,action,FPGA_REGISTER,socketAction,FPGA_REGISTER,,,,,,,,,,,,,,,,,,,
,24,value,24,tableName,FPGA-REGISTERS,method,GET,701,POST,702,access,GET,user,POST,user,socketFilter,1,flags,GET,24,POST,24,filter,NONE,action,FPGA_REGISTER,socketAction,FPGA_REGISTER,,,,,,,,,,,,,,,,,,,
,25,value,25,tableName,FPGA-REGISTERS,method,GET,701,POST,702,access,GET,user,POST,user,socketFilter,1,flags,GET,25,POST,25,filter,NONE,action,FPGA_REGISTER,socketAction,FPGA_REGISTER,,,,,,,,,,,,,,,,,,,
,26,value,26,tableName,FPGA-REGISTERS,method,GET,701,POST,702,access,GET,user,POST,user,socketFilter,1,flags,GET,26,POST,26,filter,NONE,action,FPGA_REGISTER,socketAction,FPGA_REGISTER,,,,,,,,,,,,,,,,,,,
,27,value,27,tableName,FPGA-REGISTERS,method,GET,701,POST,702,access,GET,user,POST,user,socketFilter,1,flags,GET,27,POST,27,filter,NONE,action,FPGA_REGISTER,socketAction,FPGA_REGISTER,,,,,,,,,,,,,,,,,,,
,28,value,28,tableName,FPGA-REGISTERS,method,GET,701,POST,702,access,GET,user,POST,user,socketFilter,1,flags,GET,28,POST,28,filter,NONE,action,FPGA_REGISTER,socketAction,FPGA_REGISTER,,,,,,,,,,,,,,,,,,,
,29,value,29,tableName,FPGA-REGISTERS,method,GET,701,POST,702,access,GET,user,POST,user,socketFilter,1,flags,GET,29,POST,29,filter,NONE,action,FPGA_REGISTER,socketAction,FPGA_REGISTER,,,,,,,,,,,,,,,,,,,
,30,value,30,tableName,FPGA-REGISTERS,method,GET,701,POST,702,access,GET,user,POST,user,socketFilter,1,flags,GET,30,POST,30,filter,NONE,action,FPGA_REGISTER,socketAction,FPGA_REGISTER,,,,,,,,,,,,,,,,,,,
,31,value,31,tableName,FPGA-REGISTERS,method,GET,701,POST,702,access,GET,user,POST,user,socketFilter,1,flags,GET,31,POST,31,filter,NONE,action,FPGA_REGISTER,socketAction,FPGA_REGISTER,,,,,,,,,,,,,,,,,,,
,32,value,32,tableName,FPGA-REGISTERS,method,GET,701,POST,702,access,GET,user,POST,user,socketFilter,1,flags,GET,32,POST,32,filter,NONE,action,FPGA_REGISTER,socketAction,FPGA_REGISTER,,,,,,,,,,,,,,,,,,,
,33,value,33,tableName,FPGA-REGISTERS,method,GET,701,POST,702,access,GET,user,POST,user,socketFilter,1,flags,GET,33,POST,33,filter,NONE,action,FPGA_REGISTER,socketAction,FPGA_REGISTER,,,,,,,,,,,,,,,,,,,
,34,value,34,tableName,FPGA-REGISTERS,method,GET,701,POST,702,access,GET,user,POST,user,socketFilter,1,flags,GET,34,POST,34,filter,NONE,action,FPGA_REGISTER,socketAction,FPGA_REGISTER,,,,,,,,,,,,,,,,,,,
,35,value,35,tableName,FPGA-REGISTERS,method,GET,701,POST,702,access,GET,user,POST,user,socketFilter,1,flags,GET,35,POST,35,filter,NONE,action,FPGA_REGISTER,socketAction,FPGA_REGISTER,,,,,,,,,,,,,,,,,,,
,36,value,36,tableName,FPGA-REGISTERS,method,GET,701,POST,702,access,GET,user,POST,user,socketFilter,1,flags,GET,36,POST,36,filter,NONE,action,FPGA_REGISTER,socketAction,FPGA_REGISTER,,,,,,,,,,,,,,,,,,,
,37,value,37,tableName,FPGA-REGISTERS,method,GET,701,POST,702,access,GET,user,POST,user,socketFilter,1,flags,GET,37,POST,37,filter,NONE,action,FPGA_REGISTER,socketAction,FPGA_REGISTER,,,,,,,,,,,,,,,,,,,
,38,value,38,tableName,FPGA-REGISTERS,method,GET,701,POST,702,access,GET,user,POST,user,socketFilter,1,flags,GET,38,POST,38,filter,NONE,action,FPGA_REGISTER,socketAction,FPGA_REGISTER,,,,,,,,,,,,,,,,,,,
,39,value,39,tableName,FPGA-REGISTERS,method,GET,701,POST,702,access,GET,user,POST,user,socketFilter,1,flags,GET,39,POST,39,filter,NONE,action,FPGA_REGISTER,socketAction,FPGA_REGISTER,,,,,,,,,,,,,,,,,,,
,40,value,40,tableName,FPGA-REGISTERS,method,GET,701,POST,702,access,GET,user,POST,user,socketFilter,1,flags,GET,40,POST,40,filter,NONE,action,FPGA_REGISTER,socketAction,FPGA_REGISTER,,,,,,,,,,,,,,,,,,,
,41,value,41,tableName,FPGA-REGISTERS,method,GET,701,POST,702,access,GET,user,POST,user,socketFilter,1,flags,GET,41,POST,41,filter,NONE,action,FPGA_REGISTER,socketAction,FPGA_REGISTER,,,,,,,,,,,,,,,,,,,
,42,value,42,tableName,FPGA-REGISTERS,method,GET,701,POST,702,access,GET,user,POST,user,socketFilter,1,flags,GET,42,POST,42,filter,NONE,action,FPGA_REGISTER,socketAction,FPGA_REGISTER,,,,,,,,,,,,,,,,,,,
,43,value,43,tableName,FPGA-REGISTERS,method,GET,701,POST,702,access,GET,user,POST,user,socketFilter,1,flags,GET,43,POST,43,filter,NONE,action,FPGA_REGISTER,socketAction,FPGA_REGISTER,,,,,,,,,,,,,,,,,,,
,44,value,44,tableName,FPGA-REGISTERS,method,GET,701,POST,702,access,GET,user,POST,user,socketFilter,1,flags,GET,44,POST,44,filter,NONE,action,FPGA_REGISTER,socketAction,FPGA_REGISTER,,,,,,,,,,,,,,,,,,,
,45,value,45,tableName,FPGA-REGISTERS,method,GET,701,POST,702,access,GET,user,POST,user,socketFilter,1,flags,GET,45,POST,45,filter,NONE,action,FPGA_REGISTER,socketAction,FPGA_REGISTER,,,,,,,,,,,,,,,,,,,
,46,value,46,tableName,FPGA-REGISTERS,method,GET,701,POST,702,access,GET,user,POST,user,socketFilter,1,flags,GET,46,POST,46,filter,NONE,action,FPGA_REGISTER,socketAction,FPGA_REGISTER,,,,,,,,,,,,,,,,,,,
,47,value,47,tableName,FPGA-REGISTERS,method,GET,701,POST,702,access,GET,user,POST,user,socketFilter,1,flags,GET,47,POST,47,filter,NONE,action,FPGA_REGISTER,socketAction,FPGA_REGISTER,,,,,,,,,,,,,,,,,,,
,48,value,48,tableName,FPGA-REGISTERS,method,GET,701,POST,702,access,GET,user,POST,user,socketFilter,1,flags,GET,48,POST,48,filter,NONE,action,FPGA_REGISTER,socketAction,FPGA_REGISTER,,,,,,,,,,,,,,,,,,,
,49,value,49,tableName,FPGA-REGISTERS,method,GET,701,POST,702,access,GET,user,POST,user,socketFilter,1,flags,GET,49,POST,49,filter,NONE,action,FPGA_REGISTER,socketAction,FPGA_REGISTER,,,,,,,,,,,,,,,,,,,
,50,value,50,tableName,FPGA-REGISTERS,method,GET,701,POST,702,access,GET,user,POST,user,socketFilter,1,flags,GET,50,POST,50,filter,NONE,action,FPGA_REGISTER,socketAction,FPGA_REGISTER,,,,,,,,,,,,,,,,,,,
,51,value,51,tableName,FPGA-REGISTERS,method,GET,701,POST,702,access,GET,user,POST,user,socketFilter,1,flags,GET,51,POST,51,filter,NONE,action,FPGA_REGISTER,socketAction,FPGA_REGISTER,,,,,,,,,,,,,,,,,,,
,52,value,52,tableName,FPGA-REGISTERS,method,GET,701,POST,702,access,GET,user,POST,user,socketFilter,1,flags,GET,52,POST,52,filter,NONE,action,FPGA_REGISTER,socketAction,FPGA_REGISTER,,,,,,,,,,,,,,,,,,,
,53,value,53,tableName,FPGA-REGISTERS,method,GET,701,POST,702,access,GET,user,POST,user,socketFilter,1,flags,GET,53,POST,53,filter,NONE,action,FPGA_REGISTER,socketAction,FPGA_REGISTER,,,,,,,,,,,,,,,,,,,
,54,value,54,tableName,FPGA-REGISTERS,method,GET,701,POST,702,access,GET,user,POST,user,socketFilter,1,flags,GET,54,POST,54,filter,NONE,action,FPGA_REGISTER,socketAction,FPGA_REGISTER,,,,,,,,,,,,,,,,,,,
,55,value,55,tableName,FPGA-REGISTERS,method,GET,701,POST,702,access,GET,user,POST,user,socketFilter,1,flags,GET,55,POST,55,filter,NONE,action,FPGA_REGISTER,socketAction,FPGA_REGISTER,,,,,,,,,,,,,,,,,,,
,56,value,56,tableName,FPGA-REGISTERS,method,GET,701,POST,702,access,GET,user,POST,user,socketFilter,1,flags,GET,56,POST,56,filter,NONE,action,FPGA_REGISTER,socketAction,FPGA_REGISTER,,,,,,,,,,,,,,,,,,,
,57,value,57,tableName,FPGA-REGISTERS,method,GET,701,POST,702,access,GET,user,POST,user,socketFilter,1,flags,GET,57,POST,57,filter,NONE,action,FPGA_REGISTER,socketAction,FPGA_REGISTER,,,,,,,,,,,,,,,,,,,
,58,value,58,tableName,FPGA-REGISTERS,method,GET,701,POST,702,access,GET,user,POST,user,socketFilter,1,flags,GET,58,POST,58,filter,NONE,action,FPGA_REGISTER,socketAction,FPGA_REGISTER,,,,,,,,,,,,,,,,,,,
,59,value,59,tableName,FPGA-REGISTERS,method,GET,701,POST,702,access,GET,user,POST,user,socketFilter,1,flags,GET,59,POST,59,filter,NONE,action,FPGA_REGISTER,socketAction,FPGA_REGISTER,,,,,,,,,,,,,,,,,,,
,60,value,60,tableName,FPGA-REGISTERS,method,GET,701,POST,702,access,GET,user,POST,user,socketFilter,1,flags,GET,60,POST,60,filter,NONE,action,FPGA_REGISTER,socketAction,FPGA_REGISTER,,,,,,,,,,,,,,,,,,,
,61,value,61,tableName,FPGA-REGISTERS,method,GET,701,POST,702,access,GET,user,POST,user,socketFilter,1,flags,GET,61,POST,61,filter,NONE,action,FPGA_REGISTER,socketAction,FPGA_REGISTER,,,,,,,,,,,,,,,,,,,
,62,value,62,tableName,FPGA-REGISTERS,method,GET,701,POST,702,access,GET,user,POST,user,socketFilter,1,flags,GET,62,POST,62,filter,NONE,action,FPGA_REGISTER,socketAction,FPGA_REGISTER,,,,,,,,,,,,,,,,,,,
,63,value,63,tableName,FPGA-REGISTERS,method,GET,701,POST,702,access,GET,user,POST,user,socketFilter,1,flags,GET,63,POST,63,filter,NONE,action,FPGA_REGISTER,socketAction,FPGA_REGISTER,,,,,,,,,,,,,,,,,,,
,64,value,64,tableName,FPGA-REGISTERS,method,GET,701,POST,702,access,GET,user,POST,user,socketFilter,1,flags,GET,64,POST,64,filter,NONE,action,FPGA_REGISTER,socketAction,FPGA_REGISTER,,,,,,,,,,,,,,,,,,,
,65,value,65,tableName,FPGA-REGISTERS,method,GET,701,POST,702,access,GET,user,POST,user,socketFilter,1,flags,GET,65,POST,65,filter,NONE,action,FPGA_REGISTER,socketAction,FPGA_REGISTER,,,,,,,,,,,,,,,,,,,
,66,value,66,tableName,FPGA-REGISTERS,method,GET,701,POST,702,access,GET,user,POST,user,socketFilter,1,flags,GET,66,POST,66,filter,NONE,action,FPGA_REGISTER,socketAction,FPGA_REGISTER,,,,,,,,,,,,,,,,,,,
,67,value,67,tableName,FPGA-REGISTERS,method,GET,701,POST,702,access,GET,user,POST,user,socketFilter,1,flags,GET,67,POST,67,filter,NONE,action,FPGA_REGISTER,socketAction,FPGA_REGISTER,,,,,,,,,,,,,,,,,,,
,68,value,68,tableName,FPGA-REGISTERS,method,GET,701,POST,702,access,GET,user,POST,user,socketFilter,1,flags,GET,68,POST,68,filter,NONE,action,FPGA_REGISTER,socketAction,FPGA_REGISTER,,,,,,,,,,,,,,,,,,,
,69,value,69,tableName,FPGA-REGISTERS,method,GET,701,POST,702,access,GET,user,POST,user,socketFilter,1,flags,GET,69,POST,69,filter,NONE,action,FPGA_REGISTER,socketAction,FPGA_REGISTER,,,,,,,,,,,,,,,,,,,
,70,value,70,tableName,FPGA-REGISTERS,method,GET,701,POST,702,access,GET,user,POST,user,socketFilter,1,flags,GET,70,POST,70,filter,NONE,action,FPGA_REGISTER,socketAction,FPGA_REGISTER,,,,,,,,,,,,,,,,,,,
,71,value,71,tableName,FPGA-REGISTERS,method,GET,701,POST,702,access,GET,user,POST,user,socketFilter,1,flags,GET,71,POST,71,filter,NONE,action,FPGA_REGISTER,socketAction,FPGA_REGISTER,,,,,,,,,,,,,,,,,,,
,72,value,72,tableName,FPGA-REGISTERS,method,GET,701,POST,702,access,GET,user,POST,user,socketFilter,1,flags,GET,72,POST,72,filter,NONE,action,FPGA_REGISTER,socketAction,FPGA_REGISTER,,,,,,,,,,,,,,,,,,,
,73,value,73,tableName,FPGA-REGISTERS,method,GET,701,POST,702,access,GET,user,POST,user,socketFilter,1,flags,GET,73,POST,73,filter,NONE,action,FPGA_REGISTER,socketAction,FPGA_REGISTER,,,,,,,,,,,,,,,,,,,
,74,value,74,tableName,FPGA-REGISTERS,method,GET,701,POST,702,access,GET,user,POST,user,socketFilter,1,flags,GET,74,POST,74,filter,NONE,action,FPGA_REGISTER,socketAction,FPGA_REGISTER,,,,,,,,,,,,,,,,,,,
,75,value,75,tableName,FPGA-REGISTERS,method,GET,701,POST,702,access,GET,user,POST,user,socketFilter,1,flags,GET,75,POST,75,filter,NONE,action,FPGA_REGISTER,socketAction,FPGA_REGISTER,,,,,,,,,,,,,,,,,,,
,76,value,76,tableName,FPGA-REGISTERS,method,GET,701,POST,702,access,GET,user,POST,user,socketFilter,1,flags,GET,76,POST,76,filter,NONE,action,FPGA_REGISTER,socketAction,FPGA_REGISTER,,,,,,,,,,,,,,,,,,,
,77,value,77,tableName,FPGA-REGISTERS,method,GET,701,POST,702,access,GET,user,POST,user,socketFilter,1,flags,GET,77,POST,77,filter,NONE,action,FPGA_REGISTER,socketAction,FPGA_REGISTER,,,,,,,,,,,,,,,,,,,
,78,value,78,tableName,FPGA-REGISTERS,method,GET,701,POST,702,access,GET,user,POST,user,socketFilter,1,flags,GET,78,POST,78,filter,NONE,action,FPGA_REGISTER,socketAction,FPGA_REGISTER,,,,,,,,,,,,,,,,,,,
,79,value,79,tableName,FPGA-REGISTERS,method,GET,701,POST,702,access,GET,user,POST,user,socketFilter,1,flags,GET,79,POST,79,filter,NONE,action,FPGA_REGISTER,socketAction,FPGA_REGISTER,,,,,,,,,,,,,,,,,,,
,80,value,80,tableName,FPGA-REGISTERS,method,GET,701,POST,702,access,GET,user,POST,user,socketFilter,1,flags,GET,80,POST,80,filter,NONE,action,FPGA_REGISTER,socketAction,FPGA_REGISTER,,,,,,,,,,,,,,,,,,,
,81,value,81,tableName,FPGA-REGISTERS,method,GET,701,POST,702,access,GET,user,POST,user,socketFilter,1,flags,GET,81,POST,81,filter,NONE,action,FPGA_REGISTER,socketAction,FPGA_REGISTER,,,,,,,,,,,,,,,,,,,
,82,value,82,tableName,FPGA-REGISTERS,method,GET,701,POST,702,access,GET,user,POST,user,socketFilter,1,flags,GET,82,POST,82,filter,NONE,action,FPGA_REGISTER,socketAction,FPGA_REGISTER,,,,,,,,,,,,,,,,,,,
,83,value,83,tableName,FPGA-REGISTERS,method,GET,701,POST,702,access,GET,user,POST,user,socketFilter,1,flags,GET,83,POST,83,filter,NONE,action,FPGA_REGISTER,socketAction,FPGA_REGISTER,,,,,,,,,,,,,,,,,,,
,84,value,84,tableName,FPGA-REGISTERS,method,GET,701,POST,702,access,GET,user,POST,user,socketFilter,1,flags,GET,84,POST,84,filter,NONE,action,FPGA_REGISTER,socketAction,FPGA_REGISTER,,,,,,,,,,,,,,,,,,,
,85,value,85,tableName,FPGA-REGISTERS,method,GET,701,POST,702,access,GET,user,POST,user,socketFilter,1,flags,GET,85,POST,85,filter,NONE,action,FPGA_REGISTER,socketAction,FPGA_REGISTER,,,,,,,,,,,,,,,,,,,
,86,value,86,tableName,FPGA-REGISTERS,method,GET,701,POST,702,access,GET,user,POST,user,socketFilter,1,flags,GET,86,POST,86,filter,NONE,action,FPGA_REGISTER,socketAction,FPGA_REGISTER,,,,,,,,,,,,,,,,,,,
,87,value,87,tableName,FPGA-REGISTERS,method,GET,701,POST,702,access,GET,user,POST,user,socketFilter,1,flags,GET,87,POST,87,filter,NONE,action,FPGA_REGISTER,socketAction,FPGA_REGISTER,,,,,,,,,,,,,,,,,,,
,88,value,88,tableName,FPGA-REGISTERS,method,GET,701,POST,702,access,GET,user,POST,user,socketFilter,1,flags,GET,88,POST,88,filter,NONE,action,FPGA_REGISTER,socketAction,FPGA_REGISTER,,,,,,,,,,,,,,,,,,,
,89,value,89,tableName,FPGA-REGISTERS,method,GET,701,POST,702,access,GET,user,POST,user,socketFilter,1,flags,GET,89,POST,89,filter,NONE,action,FPGA_REGISTER,socketAction,FPGA_REGISTER,,,,,,,,,,,,,,,,,,,
,90,value,90,tableName,FPGA-REGISTERS,method,GET,701,POST,702,access,GET,user,POST,user,socketFilter,1,flags,GET,90,POST,90,filter,NONE,action,FPGA_REGISTER,socketAction,FPGA_REGISTER,,,,,,,,,,,,,,,,,,,
,91,value,91,tableName,FPGA-REGISTERS,method,GET,701,POST,702,access,GET,user,POST,user,socketFilter,1,flags,GET,91,POST,91,filter,NONE,action,FPGA_REGISTER,socketAction,FPGA_REGISTER,,,,,,,,,,,,,,,,,,,
,92,value,92,tableName,FPGA-REGISTERS,method,GET,701,POST,702,access,GET,user,POST,user,socketFilter,1,flags,GET,92,POST,92,filter,NONE,action,FPGA_REGISTER,socketAction,FPGA_REGISTER,,,,,,,,,,,,,,,,,,,
,93,value,93,tableName,FPGA-REGISTERS,method,GET,701,POST,702,access,GET,user,POST,user,socketFilter,1,flags,GET,93,POST,93,filter,NONE,action,FPGA_REGISTER,socketAction,FPGA_REGISTER,,,,,,,,,,,,,,,,,,,
,94,value,94,tableName,FPGA-REGISTERS,method,GET,701,POST,702,access,GET,user,POST,user,socketFilter,1,flags,GET,94,POST,94,filter,NONE,action,FPGA_REGISTER,socketAction,FPGA_REGISTER,,,,,,,,,,,,,,,,,,,
,95,value,95,tableName,FPGA-REGISTERS,method,GET,701,POST,702,access,GET,user,POST,user,socketFilter,1,flags,GET,95,POST,95,filter,NONE,action,FPGA_REGISTER,socketAction,FPGA_REGISTER,,,,,,,,,,,,,,,,,,,
,96,value,96,tableName,FPGA-REGISTERS,method,GET,701,POST,702,access,GET,user,POST,user,socketFilter,1,flags,GET,96,POST,96,filter,NONE,action,FPGA_REGISTER,socketAction,FPGA_REGISTER,,,,,,,,,,,,,,,,,,,
,97,value,97,tableName,FPGA-REGISTERS,method,GET,701,POST,702,access,GET,user,POST,user,socketFilter,1,flags,GET,97,POST,97,filter,NONE,action,FPGA_REGISTER,socketAction,FPGA_REGISTER,,,,,,,,,,,,,,,,,,,
,98,value,98,tableName,FPGA-REGISTERS,method,GET,701,POST,702,access,GET,user,POST,user,socketFilter,1,flags,GET,98,POST,98,filter,NONE,action,FPGA_REGISTER,socketAction,FPGA_REGISTER,,,,,,,,,,,,,,,,,,,
,99,value,99,tableName,FPGA-REGISTERS,method,GET,701,POST,702,access,GET,user,POST,user,socketFilter,1,flags,GET,99,POST,99,filter,NONE,action,FPGA_REGISTER,socketAction,FPGA_REGISTER,,,,,,,,,,,,,,,,,,,
,100,value,100,tableName,FPGA-REGISTERS,method,GET,701,POST,702,access,GET,user,POST,user,socketFilter,1,flags,GET,100,POST,100,filter,NONE,action,FPGA_REGISTER,socketAction,FPGA_REGISTER,,,,,,,,,,,,,,,,,,,
i2c-registers,66H,value,66H,tableName,I2C-REGISTERS,method,GET,801,POST,802,access,GET,user,POST,user,socketFilter,1,flags,GET,101,POST,101,filter,NONE,action,I2C_REGISTER,socketAction,I2C_REGISTER,,,,,,,,,,,,,,,,,,,
,99H,value,99H,tableName,I2C-REGISTERS,method,GET,801,POST,802,access,GET,user,POST,user,socketFilter,1,flags,GET,102,POST,102,filter,NONE,action,I2C_REGISTER,socketAction,I2C_REGISTER,,,,,,,,,,,,,,,,,,,
,72H,value,72H,tableName,I2C-REGISTERS,method,GET,801,POST,802,access,GET,user,POST,user,socketFilter,2,flags,GET,103,POST,103,filter,NONE,action,I2C_REGISTER,socketAction,I2C_REGISTER,,,,,,,,,,,,,,,,,,,
,50H,value,50H,tableName,I2C-REGISTERS,method,GET,801,POST,802,access,GET,user,POST,user,socketFilter,3,flags,GET,104,POST,104,filter,NONE,action,I2C_REGISTER,socketAction,I2C_REGISTER,,,,,,,,,,,,,,,,,,,
,44H,value,44H,tableName,I2C-REGISTERS,method,GET,801,POST,802,access,GET,user,POST,user,socketFilter,4,flags,GET,105,POST,105,filter,NONE,action,I2C_REGISTER,socketAction,I2C_REGISTER,,,,,,,,,,,,,,,,,,,
,2DH,value,2DH,tableName,I2C-REGISTERS,method,GET,801,POST,802,access,GET,user,POST,user,socketFilter,5,flags,GET,106,POST,106,filter,NONE,action,I2C_REGISTER,socketAction,I2C_REGISTER,,,,,,,,,,,,,,,,,,,
,4AH,value,4AH,tableName,I2C-REGISTERS,method,GET,801,POST,802,access,GET,user,POST,user,socketFilter,6,flags,GET,107,POST,107,filter,NONE,action,I2C_REGISTER,socketAction,I2C_REGISTER,,,,,,,,,,,,,,,,,,,
,48H,value,48H,tableName,I2C-REGISTERS,method,GET,801,POST,802,access,GET,user,POST,user,socketFilter,7,flags,GET,108,POST,108,filter,NONE,action,I2C_REGISTER,socketAction,I2C_REGISTER,,,,,,,,,,,,,,,,,,,
